Rk,Player,Age,Team,Pos,G,GS,MP,FG,FGA,FG%,3P,3PA,3P%,2P,2PA,2P%,eFG%,FT,FTA,FT%,ORB,DRB,TRB,AST,STL,BLK,TOV,PF,PTS,Awards,update_date
1.0,Luka Dončić,26.0,LAL,PG,31.0,31.0,36.4,10.4,22.4,0.464,3.3,10.2,0.327,7.1,12.2,0.578,0.538,9.3,11.8,0.79,0.9,6.9,7.9,8.8,1.6,0.5,4.6,2.7,33.4,,2026-01-14
2.0,Shai Gilgeous-Alexander,27.0,OKC,PG,39.0,39.0,33.3,10.9,19.9,0.545,2.0,5.0,0.393,8.9,14.9,0.596,0.594,8.2,9.3,0.886,0.4,4.1,4.5,6.4,1.4,0.8,1.9,2.1,31.9,,2026-01-14
3.0,Tyrese Maxey,25.0,PHI,PG,36.0,36.0,39.6,10.8,22.4,0.48,3.8,9.2,0.409,7.0,13.3,0.528,0.563,5.7,6.5,0.876,0.3,4.2,4.5,6.7,1.9,0.9,2.6,2.2,30.9,,2026-01-14
4.0,Nikola Jokić,30.0,DEN,C,32.0,32.0,34.6,10.6,17.5,0.605,2.1,4.8,0.435,8.5,12.7,0.67,0.665,6.3,7.4,0.853,3.0,9.1,12.2,11.0,1.4,0.8,3.5,2.8,29.6,,2026-01-14
5.0,Jaylen Brown,29.0,BOS,SF,36.0,36.0,34.3,10.9,21.9,0.495,2.2,5.8,0.376,8.7,16.1,0.538,0.545,5.6,7.2,0.779,1.2,5.3,6.4,5.0,1.0,0.4,3.8,3.1,29.5,,2026-01-14
6.0,Donovan Mitchell,29.0,CLE,SG,37.0,37.0,33.8,10.3,20.9,0.492,3.9,10.0,0.386,6.4,10.9,0.589,0.585,5.1,6.0,0.842,0.8,3.8,4.7,5.5,1.5,0.3,3.0,2.6,29.5,,2026-01-14
7.0,Giannis Antetokounmpo,31.0,MIL,PF,26.0,26.0,29.3,11.1,17.1,0.649,0.5,1.4,0.389,10.5,15.7,0.672,0.664,6.4,9.8,0.651,2.9,6.8,9.7,5.7,0.9,0.8,3.3,2.7,29.1,,2026-01-14
8.0,Jalen Brunson,29.0,NYK,PG,36.0,36.0,35.3,10.3,21.4,0.481,3.1,7.9,0.389,7.2,13.5,0.534,0.553,5.3,6.2,0.852,0.6,2.8,3.3,6.3,0.7,0.1,2.3,2.5,28.9,,2026-01-14
9.0,Anthony Edwards,24.0,MIN,SG,33.0,33.0,34.9,10.0,19.9,0.5,3.3,8.2,0.409,6.6,11.8,0.563,0.584,5.6,7.1,0.787,0.6,4.4,5.0,3.8,1.3,0.8,2.7,1.8,28.9,,2026-01-14
10.0,Stephen Curry,37.0,GSW,PG,31.0,31.0,31.9,9.2,19.7,0.466,4.6,11.9,0.388,4.6,7.8,0.587,0.583,5.1,5.5,0.929,0.5,3.4,3.8,4.9,1.2,0.5,2.8,2.0,28.1,,2026-01-14
11.0,Kawhi Leonard,34.0,LAC,SF,29.0,29.0,33.9,9.8,19.5,0.501,2.8,7.1,0.386,7.0,12.3,0.567,0.572,5.8,6.2,0.939,0.9,5.4,6.4,3.4,2.2,0.7,2.2,1.4,28.1,,2026-01-14
12.0,Lauri Markkanen,28.0,UTA,PF,33.0,33.0,36.0,9.5,19.7,0.483,2.9,8.0,0.365,6.6,11.7,0.563,0.557,6.0,6.8,0.884,2.0,5.2,7.2,2.2,1.0,0.5,1.6,2.0,27.9,,2026-01-14
13.0,Cade Cunningham,24.0,DET,PG,33.0,33.0,35.6,9.3,19.9,0.465,2.1,6.1,0.34,7.2,13.9,0.52,0.517,6.1,7.3,0.838,1.1,5.1,6.2,9.7,1.5,0.8,4.0,3.4,26.7,,2026-01-14
14.0,Austin Reaves,27.0,LAL,SG,23.0,22.0,35.3,8.2,16.2,0.507,2.7,7.4,0.365,5.5,8.8,0.626,0.59,7.5,8.6,0.873,0.7,4.5,5.2,6.3,1.0,0.2,3.3,2.3,26.6,,2026-01-14
15.0,Deni Avdija,25.0,POR,SF,40.0,40.0,35.4,7.9,17.0,0.468,2.3,6.5,0.355,5.6,10.5,0.537,0.535,7.9,9.9,0.801,1.0,6.1,7.1,6.9,0.9,0.6,3.9,2.8,26.1,,2026-01-14
16.0,Kevin Durant,37.0,HOU,SF,35.0,35.0,36.4,9.3,17.8,0.521,2.2,5.4,0.4,7.1,12.4,0.574,0.582,5.4,6.1,0.892,0.4,5.0,5.4,4.5,0.6,1.0,3.0,2.2,26.1,,2026-01-14
17.0,Michael Porter Jr.,27.0,BRK,SF,30.0,30.0,33.1,9.2,18.7,0.491,3.8,9.4,0.404,5.4,9.3,0.579,0.593,3.8,4.5,0.838,1.3,6.2,7.5,3.4,1.1,0.2,2.6,2.1,25.9,,2026-01-14
18.0,James Harden,36.0,LAC,PG,36.0,36.0,35.5,7.4,17.4,0.429,3.2,8.9,0.36,4.2,8.4,0.502,0.522,7.6,8.6,0.893,0.6,4.2,4.8,8.0,1.3,0.3,3.6,1.9,25.8,,2026-01-14
19.0,Jamal Murray,28.0,DEN,PG,36.0,36.0,35.5,9.1,18.8,0.482,3.5,7.8,0.448,5.6,11.1,0.505,0.574,4.0,4.5,0.889,0.5,4.1,4.6,7.5,1.0,0.3,2.3,1.5,25.6,,2026-01-14
20.0,Devin Booker,29.0,PHO,SG,37.0,37.0,34.1,8.3,18.2,0.454,1.6,5.4,0.303,6.6,12.8,0.518,0.499,7.1,8.2,0.861,0.9,3.2,4.1,6.5,0.9,0.3,3.3,2.7,25.2,,2026-01-14
21.0,Victor Wembanyama,22.0,SAS,C,26.0,17.0,29.0,8.4,16.4,0.514,1.5,4.2,0.352,7.0,12.2,0.569,0.559,5.7,6.8,0.836,1.9,9.1,11.0,3.0,0.9,2.7,2.9,2.8,24.0,,2026-01-14
22.0,Norman Powell,32.0,MIA,SG,34.0,34.0,30.8,8.0,16.4,0.485,3.1,7.4,0.414,4.9,9.1,0.542,0.578,4.9,5.7,0.855,0.4,3.4,3.8,2.7,1.3,0.2,2.0,2.3,23.9,,2026-01-14
23.0,Keyonte George,22.0,UTA,PG,38.0,38.0,34.4,7.5,16.5,0.454,2.6,6.9,0.372,4.9,9.6,0.512,0.531,6.3,7.0,0.906,0.5,3.7,4.2,6.9,1.0,0.3,3.5,2.4,23.8,,2026-01-14
24.0,Joel Embiid,31.0,PHI,C,20.0,20.0,29.5,8.1,17.1,0.472,1.0,4.2,0.229,7.1,12.9,0.55,0.5,6.7,7.9,0.847,2.0,5.1,7.1,3.3,0.7,1.2,3.0,2.4,23.7,,2026-01-14
25.0,Pascal Siakam,31.0,IND,PF,39.0,39.0,33.8,8.8,18.1,0.484,1.6,4.4,0.37,7.1,13.7,0.521,0.529,4.3,6.3,0.686,1.6,5.2,6.8,3.8,1.3,0.4,2.2,2.6,23.5,,2026-01-14
26.0,Jalen Johnson,24.0,ATL,SF,38.0,38.0,35.3,8.7,16.8,0.52,1.6,4.5,0.36,7.1,12.3,0.578,0.568,4.3,5.4,0.791,1.4,8.7,10.1,8.1,1.3,0.5,3.4,2.0,23.4,,2026-01-14
27.0,Franz Wagner,24.0,ORL,SF,24.0,24.0,33.4,7.8,15.9,0.49,1.5,4.2,0.36,6.3,11.8,0.535,0.537,5.6,6.8,0.823,1.5,4.6,6.1,3.7,1.2,0.4,1.8,2.2,22.7,,2026-01-14
28.0,LeBron James,41.0,LAL,SF,21.0,21.0,33.2,8.3,16.1,0.513,1.6,5.0,0.311,6.7,11.1,0.605,0.562,4.2,5.8,0.73,0.6,5.1,5.7,6.9,1.1,0.6,2.6,1.5,22.4,,2026-01-14
29.0,Zion Williamson,25.0,NOP,PF,26.0,19.0,29.1,8.2,14.3,0.571,0.0,0.1,0.0,8.2,14.2,0.576,0.571,6.0,8.5,0.714,2.3,3.4,5.7,3.4,1.2,0.5,2.3,2.3,22.3,,2026-01-14
30.0,Julius Randle,31.0,MIN,PF,41.0,41.0,33.4,7.7,15.6,0.494,1.6,4.8,0.338,6.1,10.9,0.562,0.545,5.2,6.4,0.803,1.7,5.5,7.1,5.7,1.0,0.1,2.5,2.7,22.2,,2026-01-14
31.0,Tyler Herro,26.0,MIA,SG,10.0,9.0,31.8,8.1,16.6,0.488,2.0,6.0,0.333,6.1,10.6,0.575,0.548,3.7,4.1,0.902,0.5,4.5,5.0,2.7,0.8,0.4,1.6,1.9,21.9,,2026-01-14
32.0,Trey Murphy III,25.0,NOP,SF,38.0,38.0,35.6,7.7,15.4,0.502,3.1,7.8,0.389,4.7,7.6,0.618,0.601,3.4,3.7,0.908,1.2,5.0,6.2,3.5,1.6,0.2,1.9,2.2,21.9,,2026-01-14
33.0,Brandon Ingram,28.0,TOR,SF,39.0,39.0,33.7,8.1,17.2,0.471,1.7,4.9,0.346,6.4,12.3,0.521,0.52,3.8,4.6,0.828,0.9,5.1,6.0,3.7,0.7,0.7,2.8,1.9,21.7,,2026-01-14
34.0,Alperen Şengün,23.0,HOU,C,30.0,30.0,34.4,8.4,16.4,0.509,0.7,2.3,0.304,7.7,14.1,0.542,0.53,4.3,6.0,0.721,2.9,6.0,8.9,6.6,1.4,1.0,3.2,3.3,21.7,,2026-01-14
35.0,Shaedon Sharpe,22.0,POR,SG,37.0,31.0,29.8,8.1,17.9,0.452,1.9,5.9,0.327,6.2,12.0,0.514,0.506,3.3,4.3,0.772,1.1,3.3,4.4,2.6,1.5,0.1,2.9,2.0,21.5,,2026-01-14
36.0,Dillon Brooks,30.0,PHO,SF,34.0,34.0,30.8,7.9,17.3,0.457,2.5,7.2,0.346,5.4,10.0,0.537,0.529,3.0,3.6,0.844,0.7,2.6,3.3,1.7,1.2,0.1,2.0,3.4,21.3,,2026-01-14
37.0,Karl-Anthony Towns,30.0,NYK,C,36.0,36.0,32.3,6.8,14.5,0.471,1.7,4.8,0.355,5.1,9.7,0.529,0.53,5.9,6.8,0.865,2.9,8.5,11.4,3.0,0.8,0.7,2.6,3.5,21.2,,2026-01-14
38.0,Paolo Banchero,23.0,ORL,PF,30.0,30.0,33.7,7.1,15.6,0.453,0.9,3.6,0.252,6.2,12.0,0.512,0.482,5.9,7.8,0.755,0.9,7.7,8.7,4.9,0.6,0.7,2.9,2.2,20.9,,2026-01-14
39.0,Nickeil Alexander-Walker,27.0,ATL,SG,40.0,33.0,33.0,7.2,16.0,0.449,3.0,8.0,0.377,4.2,8.0,0.522,0.544,3.3,3.8,0.862,0.6,3.0,3.6,3.3,1.1,0.6,2.0,2.1,20.7,,2026-01-14
40.0,De'Aaron Fox,28.0,SAS,PG,31.0,31.0,32.6,7.5,16.1,0.466,2.0,6.1,0.326,5.5,10.0,0.552,0.528,3.5,4.3,0.811,0.8,3.4,4.2,5.8,1.3,0.3,2.5,2.3,20.5,,2026-01-14
41.0,Anthony Davis,32.0,DAL,PF,20.0,20.0,31.3,8.5,16.7,0.506,0.5,1.9,0.27,8.0,14.9,0.535,0.521,3.0,4.1,0.728,3.1,8.0,11.1,2.8,1.1,1.7,2.1,2.1,20.4,,2026-01-14
42.0,LaMelo Ball,24.0,CHO,PG,30.0,29.0,27.9,7.0,16.9,0.415,3.4,9.1,0.37,3.7,7.8,0.468,0.515,2.6,3.0,0.878,1.0,4.2,5.2,7.7,1.2,0.2,3.4,2.7,20.1,,2026-01-14
43.0,Jerami Grant,31.0,POR,PF,26.0,14.0,30.3,6.0,13.8,0.436,2.5,6.4,0.389,3.5,7.3,0.476,0.527,5.5,6.3,0.866,1.2,2.9,4.0,2.7,0.7,0.6,2.2,3.0,20.0,,2026-01-14
44.0,Zach LaVine,30.0,SAC,SG,28.0,27.0,32.7,7.0,14.5,0.484,2.6,6.7,0.388,4.4,7.8,0.566,0.574,3.2,3.6,0.881,0.2,2.8,3.0,2.3,0.7,0.2,2.1,2.1,19.9,,2026-01-14
45.0,Jimmy Butler,36.0,GSW,SF,36.0,36.0,31.4,6.1,11.9,0.513,0.9,2.3,0.383,5.3,9.7,0.543,0.549,6.7,7.7,0.866,2.2,3.4,5.6,4.9,1.4,0.2,1.6,1.3,19.8,,2026-01-14
46.0,RJ Barrett,25.0,TOR,SF,23.0,23.0,30.3,7.3,14.7,0.496,1.9,5.4,0.355,5.4,9.3,0.577,0.56,3.1,4.5,0.689,0.8,4.3,5.0,3.7,0.8,0.2,1.6,2.4,19.6,,2026-01-14
47.0,Miles Bridges,27.0,CHO,PF,39.0,39.0,33.4,6.8,15.5,0.443,2.3,6.9,0.333,4.5,8.5,0.532,0.517,3.5,4.2,0.846,0.9,5.5,6.4,3.7,0.5,0.5,1.5,1.8,19.5,,2026-01-14
48.0,Scottie Barnes,24.0,TOR,PF,40.0,40.0,34.3,7.5,15.0,0.5,1.1,3.3,0.336,6.4,11.7,0.546,0.537,3.2,3.8,0.842,2.2,6.1,8.3,5.3,1.3,1.4,2.6,2.9,19.3,,2026-01-14
49.0,Trae Young,27.0,ATL,PG,10.0,10.0,28.0,5.6,13.5,0.415,1.8,5.9,0.305,3.8,7.6,0.5,0.481,6.3,7.3,0.863,0.0,1.5,1.5,8.9,1.0,0.1,2.6,2.0,19.3,,2026-01-14
50.0,Desmond Bane,27.0,ORL,SG,40.0,40.0,33.8,7.0,15.4,0.452,1.7,5.0,0.338,5.3,10.5,0.506,0.506,3.6,3.9,0.929,1.3,3.3,4.6,4.5,0.8,0.5,2.2,3.0,19.2,,2026-01-14
51.0,Josh Giddey,23.0,CHI,PG,30.0,30.0,32.8,6.7,14.3,0.466,1.9,4.8,0.386,4.8,9.5,0.507,0.531,4.0,5.3,0.761,1.2,7.8,8.9,9.0,0.9,0.4,3.6,1.8,19.2,,2026-01-14
52.0,Cooper Flagg,19.0,DAL,SF,39.0,39.0,34.6,7.3,15.2,0.48,1.0,3.4,0.293,6.3,11.8,0.534,0.513,3.6,4.4,0.818,1.2,5.2,6.4,4.3,1.3,0.8,2.2,2.3,19.1,,2026-01-14
53.0,Kon Knueppel,20.0,CHO,SF,39.0,38.0,32.5,6.6,13.7,0.48,3.4,8.1,0.425,3.2,5.6,0.559,0.606,2.4,2.7,0.888,1.0,4.1,5.1,3.6,0.7,0.2,2.3,2.3,19.1,,2026-01-14
54.0,Brandon Miller,23.0,CHO,SF,23.0,23.0,29.8,6.7,16.6,0.402,2.7,7.9,0.348,3.9,8.7,0.45,0.484,3.0,3.7,0.824,1.1,3.2,4.3,3.4,1.0,1.0,2.5,2.9,19.1,,2026-01-14
55.0,DeMar DeRozan,36.0,SAC,PF,40.0,40.0,33.3,6.9,13.5,0.51,0.8,2.2,0.36,6.1,11.3,0.539,0.539,4.4,5.1,0.876,0.6,2.8,3.3,3.9,1.5,0.3,1.1,2.0,19.0,,2026-01-14
56.0,Ja Morant,26.0,MEM,PG,18.0,18.0,28.3,6.6,16.3,0.401,0.9,4.3,0.208,5.7,12.1,0.47,0.429,5.0,5.6,0.9,0.4,2.8,3.2,7.6,1.0,0.2,3.6,1.9,19.0,,2026-01-14
57.0,Cam Thomas,24.0,BRK,SG,15.0,8.0,25.3,6.1,14.5,0.422,1.9,5.3,0.35,4.3,9.2,0.464,0.486,4.8,5.6,0.857,0.4,1.4,1.8,2.5,0.3,0.1,2.1,1.5,18.9,,2026-01-14
58.0,CJ McCollum,34.0,2TM,PG,37.0,35.0,30.6,6.9,15.3,0.452,2.6,6.9,0.383,4.3,8.4,0.51,0.539,2.3,2.9,0.78,0.6,2.8,3.4,3.6,0.7,0.2,1.6,2.1,18.8,,2026-01-14
58.0,CJ McCollum,34.0,WAS,SG,35.0,35.0,30.9,6.9,15.1,0.454,2.7,7.0,0.393,4.1,8.1,0.505,0.544,2.3,2.9,0.804,0.7,2.9,3.5,3.6,0.7,0.3,1.7,2.1,18.8,,2026-01-14
58.0,CJ McCollum,34.0,ATL,PG,2.0,0.0,25.5,8.0,18.5,0.432,1.0,6.0,0.167,7.0,12.5,0.56,0.459,1.5,3.5,0.429,0.0,0.5,0.5,3.5,1.0,0.0,1.0,1.5,18.5,,2026-01-14
59.0,Amen Thompson,23.0,HOU,PG,37.0,37.0,37.0,7.2,13.9,0.519,0.4,2.1,0.197,6.8,11.9,0.575,0.534,3.9,4.9,0.806,2.8,4.8,7.6,5.1,1.3,0.5,2.6,2.5,18.8,,2026-01-14
60.0,Coby White,25.0,CHI,SG,18.0,15.0,28.0,6.0,13.3,0.45,2.1,6.7,0.317,3.9,6.7,0.583,0.529,4.4,5.6,0.8,0.3,3.1,3.4,4.5,0.7,0.0,3.0,2.3,18.6,,2026-01-14
61.0,Derrick White,31.0,BOS,SG,38.0,38.0,34.3,6.4,16.2,0.397,3.2,9.6,0.331,3.3,6.6,0.494,0.495,2.6,2.9,0.882,0.9,3.5,4.4,5.2,1.3,1.5,1.9,1.7,18.6,,2026-01-14
62.0,Jaren Jackson Jr.,26.0,MEM,C,37.0,37.0,30.4,6.9,14.3,0.479,1.6,4.6,0.361,5.2,9.8,0.535,0.537,3.1,4.1,0.763,0.9,4.7,5.6,1.9,0.9,1.5,2.2,3.8,18.5,,2026-01-14
63.0,Aaron Gordon,30.0,DEN,PF,18.0,15.0,27.7,6.3,12.4,0.507,1.9,4.7,0.4,4.4,7.7,0.572,0.583,3.8,4.7,0.821,1.6,4.6,6.2,1.7,0.7,0.2,1.2,1.7,18.3,,2026-01-14
64.0,Kevin Porter Jr.,25.0,MIL,PG,21.0,21.0,34.4,6.2,13.6,0.458,1.8,4.9,0.373,4.4,8.8,0.505,0.524,3.7,4.4,0.837,0.8,4.4,5.2,7.7,2.3,0.4,3.4,2.1,18.0,,2026-01-14
65.0,Jalen Duren,22.0,DET,C,31.0,31.0,28.4,7.0,11.0,0.633,0.0,0.0,,7.0,11.0,0.633,0.633,4.0,5.5,0.724,4.1,6.5,10.6,1.7,0.9,0.9,2.3,3.2,17.9,,2026-01-14
66.0,Darius Garland,26.0,CLE,PG,25.0,25.0,30.8,6.5,14.6,0.445,2.2,6.3,0.357,4.2,8.3,0.512,0.522,2.7,3.1,0.87,0.4,2.0,2.4,6.9,0.8,0.1,2.8,1.8,17.9,,2026-01-14
67.0,Chet Holmgren,23.0,OKC,PF,35.0,35.0,28.9,6.7,11.8,0.57,1.3,3.7,0.367,5.4,8.1,0.662,0.627,3.1,3.9,0.783,1.8,6.6,8.4,1.6,0.6,1.9,1.8,2.7,17.9,,2026-01-14
68.0,Evan Mobley,24.0,CLE,PF,35.0,33.0,33.2,6.8,13.3,0.513,1.3,3.8,0.328,5.6,9.5,0.587,0.56,3.0,4.7,0.642,2.3,6.2,8.6,4.1,1.0,1.8,2.1,2.5,17.9,,2026-01-14
69.0,Bennedict Mathurin,23.0,IND,SF,24.0,24.0,32.2,5.6,13.2,0.423,2.2,6.0,0.366,3.4,7.2,0.471,0.506,4.4,5.0,0.876,0.8,4.7,5.5,2.2,0.7,0.2,2.4,2.9,17.8,,2026-01-14
70.0,Jalen Williams,24.0,OKC,SG,22.0,22.0,30.3,7.0,14.5,0.478,0.7,2.6,0.281,6.2,12.0,0.521,0.503,3.1,3.7,0.829,0.7,4.1,4.8,5.5,1.5,0.4,2.1,2.3,17.7,,2026-01-14
71.0,Andrew Nembhard,26.0,IND,PG,31.0,31.0,31.7,6.1,13.9,0.442,1.9,5.0,0.372,4.3,8.8,0.482,0.509,3.4,4.2,0.806,0.4,2.3,2.6,7.1,1.0,0.1,2.3,2.3,17.5,,2026-01-14
72.0,Stephon Castle,21.0,SAS,PG,31.0,31.0,30.9,5.8,12.7,0.461,1.1,3.9,0.273,4.8,8.8,0.544,0.503,4.5,6.2,0.725,1.1,4.0,5.1,6.8,1.3,0.3,3.8,3.5,17.3,,2026-01-14
73.0,Alex Sarr,20.0,WAS,C,29.0,29.0,28.2,7.0,13.9,0.501,1.0,3.0,0.349,5.9,10.9,0.543,0.538,2.3,3.3,0.708,2.2,5.6,7.8,2.9,0.8,2.3,1.8,2.0,17.3,,2026-01-14
74.0,Domantas Sabonis,29.0,SAC,C,11.0,11.0,33.2,6.7,13.2,0.51,0.4,1.8,0.2,6.4,11.4,0.56,0.524,3.4,4.6,0.725,3.4,8.9,12.3,3.7,1.2,0.2,2.5,4.0,17.2,,2026-01-14
75.0,Kristaps Porziņģis,30.0,ATL,C,17.0,12.0,24.3,5.6,12.4,0.457,1.8,5.1,0.36,3.8,7.3,0.524,0.531,4.0,4.8,0.84,1.2,3.9,5.1,2.7,0.5,1.3,0.9,3.2,17.1,,2026-01-14
76.0,Payton Pritchard,28.0,BOS,PG,39.0,39.0,32.9,6.4,14.2,0.448,2.5,7.5,0.338,3.8,6.7,0.573,0.538,1.7,2.0,0.87,1.0,3.5,4.5,5.3,0.9,0.1,1.1,1.5,17.0,,2026-01-14
77.0,Bam Adebayo,28.0,MIA,C,32.0,32.0,30.8,6.2,13.6,0.456,1.3,3.9,0.333,4.9,9.6,0.506,0.505,3.1,4.1,0.758,1.7,8.0,9.7,2.7,1.0,0.8,1.8,1.8,16.8,,2026-01-14
78.0,Immanuel Quickley,26.0,TOR,PG,40.0,40.0,32.5,5.7,13.5,0.423,2.5,7.2,0.347,3.2,6.3,0.51,0.516,2.6,3.2,0.791,0.6,3.6,4.2,6.1,1.2,0.1,1.7,2.0,16.5,,2026-01-14
79.0,Ryan Rollins,23.0,MIL,PG,40.0,35.0,31.8,6.3,13.5,0.465,2.3,5.8,0.398,4.0,7.7,0.515,0.55,1.6,2.1,0.774,0.8,3.7,4.5,5.5,1.5,0.4,2.3,2.8,16.5,,2026-01-14
80.0,Nikola Vučević,35.0,CHI,C,38.0,38.0,30.7,6.8,13.6,0.497,1.8,4.7,0.38,5.0,8.9,0.559,0.563,1.1,1.4,0.792,2.2,7.1,9.3,3.7,0.7,0.5,1.5,2.0,16.4,,2026-01-14
81.0,VJ Edgecombe,20.0,PHI,SG,34.0,34.0,36.1,6.0,14.0,0.427,2.3,6.0,0.382,3.7,8.0,0.461,0.509,1.8,2.3,0.785,1.7,3.7,5.4,4.4,1.6,0.5,1.7,3.2,16.1,,2026-01-14
82.0,Onyeka Okongwu,25.0,ATL,C,40.0,29.0,31.9,6.0,12.5,0.482,1.9,5.2,0.362,4.2,7.3,0.567,0.557,2.1,2.8,0.764,1.9,6.0,7.9,3.4,1.1,1.0,1.8,3.5,16.0,,2026-01-14
83.0,Mikal Bridges,29.0,NYK,SF,39.0,39.0,34.9,6.4,12.6,0.508,2.3,5.7,0.401,4.1,6.9,0.596,0.599,0.8,1.1,0.762,1.2,3.5,4.7,4.4,1.6,0.9,1.1,1.9,15.9,,2026-01-14
84.0,Paul George,35.0,PHI,PF,21.0,21.0,29.8,5.3,13.0,0.41,2.4,6.5,0.368,3.0,6.5,0.453,0.502,2.9,3.3,0.87,0.6,4.7,5.3,3.6,1.3,0.6,1.9,2.2,15.9,,2026-01-14
85.0,Jaime Jaquez Jr.,24.0,MIA,SF,37.0,1.0,28.8,6.4,12.1,0.53,0.4,1.7,0.258,6.0,10.5,0.574,0.548,2.6,3.4,0.748,1.2,3.9,5.1,4.6,0.8,0.2,2.2,2.0,15.9,,2026-01-14
86.0,Andrew Wiggins,30.0,MIA,SF,36.0,36.0,31.7,6.1,13.1,0.467,1.9,4.7,0.399,4.3,8.4,0.505,0.538,1.7,2.2,0.763,1.8,3.0,4.8,2.8,1.2,1.1,1.8,2.5,15.8,,2026-01-14
87.0,Grayson Allen,30.0,PHO,SG,23.0,18.0,29.5,5.3,12.6,0.421,3.2,8.3,0.382,2.1,4.3,0.495,0.547,1.9,2.3,0.827,0.6,2.3,2.9,3.7,1.7,0.3,1.8,2.3,15.7,,2026-01-14
88.0,Anthony Black,22.0,ORL,PG,40.0,20.0,30.3,5.7,12.2,0.465,1.6,4.4,0.35,4.1,7.8,0.531,0.529,2.8,3.9,0.723,0.8,3.3,4.1,3.9,1.3,0.7,2.4,2.8,15.7,,2026-01-14
89.0,Jrue Holiday,35.0,POR,PG,14.0,12.0,31.3,5.7,13.2,0.432,2.5,6.9,0.361,3.2,6.3,0.511,0.527,1.8,2.1,0.833,1.4,3.9,5.2,7.6,1.4,0.2,2.8,1.9,15.7,,2026-01-14
90.0,OG Anunoby,28.0,NYK,PF,29.0,29.0,32.6,5.3,11.7,0.459,2.1,5.7,0.364,3.3,6.0,0.549,0.547,2.8,3.4,0.82,1.4,4.2,5.6,2.1,1.7,0.7,2.0,2.6,15.6,,2026-01-14
91.0,Jordan Poole,26.0,NOP,PG,23.0,6.0,26.5,4.7,12.5,0.375,2.7,8.0,0.337,2.0,4.5,0.442,0.483,3.5,3.8,0.909,0.3,1.3,1.6,3.3,0.7,0.4,2.0,2.6,15.6,,2026-01-14
92.0,Jalen Green,23.0,PHO,SG,2.0,2.0,15.0,5.5,11.5,0.478,3.0,7.0,0.429,2.5,4.5,0.556,0.609,1.5,2.5,0.6,1.0,1.0,2.0,2.0,1.0,0.0,1.0,1.0,15.5,,2026-01-14
93.0,Collin Sexton,27.0,CHO,SG,31.0,12.0,23.9,5.1,10.5,0.485,1.3,3.4,0.39,3.7,7.1,0.53,0.548,3.7,4.3,0.871,0.5,1.6,2.1,4.1,0.8,0.2,2.3,1.9,15.2,,2026-01-14
94.0,Saddiq Bey,26.0,NOP,SF,35.0,27.0,29.9,5.4,12.2,0.443,1.6,5.1,0.317,3.8,7.1,0.534,0.509,2.7,3.4,0.805,1.7,4.1,5.8,2.3,0.9,0.1,0.6,1.1,15.1,,2026-01-14
95.0,Jabari Smith Jr.,22.0,HOU,PF,36.0,36.0,34.6,5.5,12.6,0.433,2.1,6.3,0.342,3.3,6.4,0.522,0.518,2.0,2.6,0.758,1.5,5.4,6.9,1.8,0.8,0.8,1.3,2.8,15.1,,2026-01-14
96.0,Matas Buzelis,21.0,CHI,PF,39.0,39.0,28.0,5.4,11.2,0.485,1.8,5.1,0.347,3.7,6.1,0.601,0.564,2.3,3.0,0.771,1.1,4.2,5.3,1.7,0.7,1.4,1.8,2.6,15.0,,2026-01-14
97.0,Jalen Suggs,24.0,ORL,PG,23.0,23.0,25.4,5.3,11.2,0.471,1.9,5.8,0.331,3.3,5.4,0.621,0.556,2.6,3.0,0.857,0.7,2.9,3.7,4.7,1.9,0.5,2.7,3.0,15.0,,2026-01-14
98.0,Devin Vassell,25.0,SAS,SG,32.0,32.0,31.9,5.3,12.4,0.422,2.7,7.0,0.379,2.6,5.4,0.477,0.529,1.8,2.1,0.868,0.5,3.6,4.0,2.4,0.9,0.5,0.9,2.0,15.0,,2026-01-14
99.0,Jaden McDaniels,25.0,MIN,PF,39.0,39.0,31.8,5.7,10.9,0.521,1.4,3.3,0.419,4.3,7.6,0.566,0.585,2.1,2.5,0.833,1.1,3.3,4.4,2.7,1.1,0.9,1.7,3.4,14.8,,2026-01-14
100.0,Ivica Zubac,28.0,LAC,C,34.0,33.0,31.3,6.3,10.4,0.606,0.0,0.0,,6.3,10.4,0.606,0.606,2.2,3.0,0.725,3.5,7.2,10.7,2.4,0.4,1.0,1.9,2.5,14.8,,2026-01-14
101.0,Kyshawn George,22.0,WAS,SF,29.0,29.0,31.4,5.3,11.7,0.459,2.2,5.4,0.405,3.1,6.2,0.506,0.553,1.8,2.4,0.739,0.9,4.6,5.5,4.9,1.0,0.9,3.2,4.1,14.7,,2026-01-14
102.0,P.J. Washington,27.0,DAL,PF,30.0,30.0,31.4,5.5,12.0,0.46,1.3,4.2,0.317,4.2,7.8,0.536,0.515,2.3,3.4,0.693,1.4,6.0,7.4,1.9,1.0,1.4,2.2,2.3,14.7,,2026-01-14
103.0,Russell Westbrook,37.0,SAC,SF,40.0,34.0,29.3,5.4,12.8,0.424,1.9,5.6,0.345,3.5,7.2,0.484,0.499,1.9,2.9,0.675,1.6,4.9,6.5,6.9,1.4,0.2,3.4,2.5,14.7,,2026-01-14
104.0,Keegan Murray,25.0,SAC,PF,19.0,18.0,35.9,5.8,13.6,0.429,1.3,4.8,0.272,4.5,8.8,0.515,0.477,1.6,2.0,0.789,1.6,4.5,6.1,1.5,1.2,1.6,1.2,1.9,14.6,,2026-01-14
105.0,Naz Reid,26.0,MIN,C,41.0,1.0,26.5,5.5,11.7,0.469,2.4,6.3,0.381,3.1,5.4,0.573,0.572,1.2,1.6,0.781,1.2,5.0,6.2,2.4,0.9,0.9,1.6,2.5,14.6,,2026-01-14
106.0,Walker Kessler,24.0,UTA,C,5.0,5.0,30.8,5.2,7.4,0.703,1.2,1.6,0.75,4.0,5.8,0.69,0.784,2.8,4.0,0.7,4.6,6.2,10.8,3.0,1.4,1.8,3.2,4.4,14.4,,2026-01-14
107.0,Ayo Dosunmu,26.0,CHI,SG,33.0,7.0,26.1,5.2,10.2,0.512,1.8,4.0,0.451,3.4,6.2,0.551,0.601,2.0,2.3,0.867,0.7,2.1,2.8,3.5,0.6,0.2,1.2,1.6,14.3,,2026-01-14
108.0,Jeremiah Fears,19.0,NOP,PG,42.0,40.0,26.7,5.5,12.4,0.44,1.0,3.2,0.326,4.4,9.2,0.479,0.482,2.4,3.0,0.794,0.7,2.9,3.6,3.1,1.2,0.2,2.5,1.8,14.3,,2026-01-14
109.0,Sam Merrill,29.0,CLE,SG,23.0,15.0,26.5,4.7,9.8,0.476,3.7,8.0,0.457,1.0,1.8,0.561,0.662,1.3,1.5,0.882,0.7,1.7,2.3,2.4,0.7,0.1,1.0,2.9,14.3,,2026-01-14
110.0,Quentin Grimes,25.0,PHI,SG,36.0,7.0,31.9,4.5,10.3,0.439,2.2,6.0,0.361,2.4,4.3,0.548,0.544,3.0,3.4,0.87,0.6,3.2,3.9,3.9,1.0,0.5,2.1,2.1,14.2,,2026-01-14
111.0,Aaron Nesmith,26.0,IND,SF,20.0,17.0,30.0,4.6,12.4,0.372,2.8,7.1,0.39,1.9,5.3,0.349,0.484,2.3,2.8,0.804,1.5,3.6,5.1,2.1,0.7,0.6,1.2,2.7,14.2,,2026-01-14
112.0,Ajay Mitchell,23.0,OKC,SG,39.0,8.0,26.3,5.1,10.7,0.478,1.1,3.2,0.339,4.0,7.5,0.538,0.529,2.8,3.2,0.881,0.7,2.8,3.5,3.6,1.4,0.3,1.5,2.2,14.1,,2026-01-14
113.0,Santi Aldama,25.0,MEM,PF,39.0,8.0,28.0,5.3,11.2,0.475,1.6,4.8,0.337,3.7,6.4,0.578,0.547,1.7,2.5,0.684,1.6,5.2,6.8,3.1,0.9,0.7,1.3,1.6,14.0,,2026-01-14
114.0,Deandre Ayton,27.0,LAL,C,34.0,34.0,29.3,6.4,9.4,0.682,0.0,0.0,,6.4,9.4,0.682,0.682,1.1,1.8,0.617,2.6,6.2,8.8,0.9,0.7,1.0,1.6,2.4,14.0,,2026-01-14
115.0,Obi Toppin,27.0,IND,PF,3.0,0.0,27.3,5.0,12.0,0.417,1.0,5.7,0.176,4.0,6.3,0.632,0.458,3.0,3.0,1.0,1.0,5.7,6.7,1.7,1.0,0.0,2.0,2.3,14.0,,2026-01-14
116.0,Cedric Coward,22.0,MEM,SG,36.0,23.0,26.7,5.0,10.6,0.47,1.5,4.5,0.34,3.4,6.1,0.566,0.542,2.4,2.9,0.846,1.6,5.1,6.7,2.9,0.6,0.3,1.7,2.0,13.9,,2026-01-14
117.0,Tim Hardaway Jr.,33.0,DEN,SG,39.0,5.0,27.2,4.6,9.9,0.463,2.8,6.9,0.414,1.7,3.1,0.571,0.606,1.8,2.1,0.889,0.2,2.2,2.4,1.3,0.5,0.1,0.4,1.2,13.9,,2026-01-14
118.0,De'Andre Hunter,28.0,CLE,SF,36.0,23.0,26.9,4.7,11.1,0.425,1.6,5.4,0.303,3.1,5.6,0.542,0.499,2.9,3.3,0.875,0.7,3.7,4.3,2.1,0.6,0.1,1.6,2.6,13.9,,2026-01-14
119.0,Kelly Oubre Jr.,30.0,PHI,SF,16.0,13.0,32.3,5.2,10.9,0.474,1.6,4.8,0.329,3.6,6.2,0.586,0.546,2.0,2.5,0.8,1.1,3.9,4.9,1.1,1.2,0.9,1.5,2.7,13.9,,2026-01-14
120.0,Jarrett Allen,27.0,CLE,C,29.0,29.0,26.4,5.4,9.2,0.59,0.0,0.2,0.143,5.4,8.9,0.602,0.592,2.8,3.7,0.757,2.1,5.8,8.0,2.2,1.0,0.7,1.6,1.8,13.7,,2026-01-14
121.0,Peyton Watson,23.0,DEN,SF,38.0,28.0,29.3,4.9,9.7,0.511,1.3,3.3,0.408,3.6,6.4,0.564,0.58,2.4,3.3,0.742,1.0,4.0,5.0,1.8,1.0,1.0,1.6,2.4,13.7,,2026-01-14
122.0,Zach Edey,23.0,MEM,C,11.0,11.0,25.8,5.6,8.9,0.633,0.1,0.5,0.2,5.5,8.5,0.656,0.638,2.3,2.9,0.781,3.9,7.2,11.1,1.1,0.6,1.9,2.4,3.4,13.6,,2026-01-14
123.0,Keldon Johnson,26.0,SAS,SF,40.0,0.0,23.6,5.1,9.0,0.565,1.3,3.1,0.415,3.8,6.0,0.643,0.636,2.1,2.7,0.778,2.0,4.3,6.3,1.2,0.7,0.1,1.0,1.9,13.6,,2026-01-14
124.0,Naji Marshall,28.0,DAL,SF,40.0,17.0,28.7,5.0,9.2,0.54,0.9,2.8,0.31,4.1,6.4,0.642,0.587,2.8,3.6,0.783,0.9,3.7,4.6,2.8,1.1,0.1,1.2,2.0,13.6,,2026-01-14
125.0,Anfernee Simons,26.0,BOS,SG,39.0,0.0,24.0,4.8,10.9,0.439,2.5,6.3,0.402,2.3,4.6,0.489,0.555,1.3,1.5,0.881,0.5,1.8,2.3,2.5,0.4,0.1,1.1,1.7,13.5,,2026-01-14
126.0,Donte DiVincenzo,29.0,MIN,SG,41.0,41.0,31.5,4.5,10.7,0.421,3.1,8.1,0.381,1.4,2.6,0.547,0.565,1.3,1.7,0.761,1.0,3.5,4.5,4.2,1.3,0.4,1.3,2.4,13.4,,2026-01-14
127.0,Tobias Harris,33.0,DET,PF,23.0,23.0,27.4,4.8,10.6,0.455,1.3,4.0,0.333,3.5,6.6,0.53,0.518,2.4,2.9,0.848,1.0,3.5,4.6,2.5,0.6,0.3,1.0,2.0,13.4,,2026-01-14
128.0,Noah Clowney,21.0,BRK,PF,37.0,31.0,28.5,3.9,10.2,0.387,2.1,6.7,0.317,1.8,3.5,0.523,0.492,3.2,4.0,0.792,1.0,2.9,3.9,1.9,0.8,0.8,1.8,2.8,13.2,,2026-01-14
129.0,Collin Gillespie,26.0,PHO,PG,40.0,21.0,28.0,4.7,10.7,0.434,2.9,7.0,0.409,1.8,3.8,0.48,0.566,1.0,1.2,0.851,1.1,3.1,4.2,4.8,1.5,0.3,1.7,1.5,13.2,,2026-01-14
130.0,Nic Claxton,26.0,BRK,C,35.0,34.0,29.7,5.2,9.0,0.583,0.1,0.3,0.167,5.2,8.6,0.599,0.586,2.6,4.0,0.657,2.7,4.9,7.5,4.1,0.7,1.3,1.5,2.2,13.1,,2026-01-14
131.0,John Collins,28.0,LAC,PF,38.0,29.0,27.5,5.0,9.2,0.546,1.3,3.1,0.412,3.7,6.1,0.615,0.616,1.7,2.1,0.802,1.4,3.6,5.0,0.8,0.9,0.9,1.4,2.7,13.1,,2026-01-14
132.0,Bobby Portis,30.0,MIL,PF,40.0,6.0,23.4,5.2,10.6,0.488,1.9,4.0,0.472,3.3,6.6,0.498,0.578,0.7,1.0,0.744,1.3,5.2,6.5,1.3,0.6,0.2,1.1,1.6,13.0,,2026-01-14
133.0,Dennis Schröder,32.0,SAC,PG,31.0,12.0,27.3,4.5,10.8,0.413,1.5,4.2,0.344,3.0,6.5,0.458,0.481,2.6,3.2,0.818,0.5,2.7,3.3,5.7,0.8,0.2,1.9,1.7,13.0,,2026-01-14
134.0,Toumani Camara,25.0,POR,PF,41.0,41.0,33.8,4.5,10.8,0.419,2.6,7.3,0.35,2.0,3.5,0.563,0.537,1.3,1.8,0.707,1.8,3.4,5.1,2.7,1.0,0.5,2.1,3.3,12.9,,2026-01-14
135.0,Reed Sheppard,21.0,HOU,SG,37.0,4.0,25.4,4.8,10.7,0.444,2.5,6.2,0.404,2.3,4.5,0.5,0.561,0.9,1.2,0.773,0.4,2.3,2.6,3.2,1.4,0.6,1.2,2.2,12.9,,2026-01-14
136.0,Derik Queen,21.0,NOP,C,41.0,29.0,26.2,5.0,10.0,0.496,0.2,1.0,0.179,4.8,9.1,0.53,0.505,2.6,3.4,0.771,1.7,5.8,7.5,4.3,1.0,1.0,2.5,3.0,12.8,,2026-01-14
137.0,Jaylon Tyson,23.0,CLE,SG,36.0,21.0,27.0,4.9,9.6,0.514,1.9,4.1,0.45,3.1,5.5,0.563,0.611,1.0,1.4,0.74,1.9,3.4,5.3,1.9,1.0,0.5,1.3,3.0,12.8,,2026-01-14
138.0,Miles McBride,25.0,NYK,SG,28.0,12.0,27.8,4.4,9.8,0.445,3.0,6.8,0.439,1.4,3.0,0.459,0.597,1.0,1.2,0.853,0.6,1.8,2.4,2.4,0.8,0.2,0.8,1.9,12.7,,2026-01-14
139.0,Tre Jones,26.0,CHI,PG,33.0,18.0,26.9,4.3,8.0,0.538,0.5,1.7,0.321,3.8,6.3,0.596,0.572,3.4,4.0,0.85,0.7,2.3,2.9,5.5,1.2,0.2,1.4,1.4,12.6,,2026-01-14
140.0,Rui Hachimura,27.0,LAL,PF,28.0,27.0,32.0,4.9,9.4,0.519,1.8,4.0,0.442,3.1,5.4,0.576,0.614,1.0,1.3,0.75,0.8,2.9,3.7,0.9,0.6,0.2,0.8,1.8,12.5,,2026-01-14
141.0,Tre Johnson,19.0,WAS,SG,31.0,13.0,24.1,4.5,9.8,0.459,2.0,5.1,0.396,2.5,4.7,0.527,0.562,1.4,1.5,0.917,0.5,2.5,3.0,1.9,0.7,0.3,1.6,1.8,12.5,,2026-01-14
142.0,Kyle Kuzma,30.0,MIL,PF,38.0,15.0,26.0,4.8,9.3,0.511,0.8,2.5,0.323,3.9,6.8,0.581,0.555,2.2,2.9,0.745,0.9,3.7,4.7,2.2,0.7,0.5,1.6,2.3,12.5,,2026-01-14
143.0,Wendell Carter Jr.,26.0,ORL,C,38.0,38.0,30.3,4.4,8.6,0.512,1.2,3.3,0.352,3.2,5.3,0.612,0.58,2.5,3.3,0.758,2.4,5.3,7.7,2.1,0.7,0.7,1.3,3.7,12.4,,2026-01-14
144.0,Josh Hart,30.0,NYK,SF,29.0,15.0,30.3,4.7,9.4,0.496,1.6,4.1,0.398,3.1,5.4,0.571,0.582,1.4,1.8,0.824,1.7,6.2,7.9,5.1,1.4,0.3,2.2,2.6,12.4,,2026-01-14
145.0,Myles Turner,29.0,MIL,C,39.0,39.0,28.5,4.0,9.5,0.422,2.2,5.8,0.387,1.8,3.7,0.476,0.539,2.2,2.8,0.757,1.2,4.1,5.3,1.6,0.7,1.5,1.0,2.7,12.4,,2026-01-14
146.0,Mark Williams,24.0,PHO,C,35.0,31.0,24.0,4.9,7.4,0.659,0.0,0.0,1.0,4.8,7.3,0.658,0.661,2.7,3.4,0.797,3.1,5.2,8.3,1.1,1.1,0.9,1.0,2.3,12.4,,2026-01-14
147.0,Max Christie,22.0,DAL,SG,38.0,29.0,29.0,4.2,8.8,0.477,2.4,5.4,0.441,1.8,3.4,0.535,0.613,1.5,1.8,0.853,0.2,3.3,3.5,2.1,0.5,0.4,1.1,1.5,12.3,,2026-01-14
148.0,Tari Eason,24.0,HOU,PF,21.0,9.0,23.7,4.5,9.5,0.477,2.1,4.6,0.469,2.4,4.9,0.485,0.59,0.8,1.2,0.64,1.9,4.0,6.0,1.6,1.1,0.6,1.6,2.0,12.0,,2026-01-14
149.0,Cam Spencer,25.0,MEM,SG,38.0,9.0,23.9,3.9,8.1,0.479,2.3,5.0,0.466,1.6,3.1,0.5,0.623,1.8,2.0,0.921,0.4,2.2,2.6,5.3,0.8,0.1,1.5,1.6,12.0,,2026-01-14
150.0,Jaylen Wells,22.0,MEM,SG,39.0,39.0,27.5,4.1,10.2,0.406,1.7,5.3,0.325,2.4,4.9,0.492,0.49,2.1,2.6,0.777,0.9,2.6,3.5,1.8,0.9,0.1,1.1,2.1,12.0,,2026-01-14
151.0,Malik Monk,27.0,SAC,SG,32.0,0.0,21.9,4.3,9.8,0.438,1.9,4.4,0.423,2.4,5.4,0.451,0.533,1.4,1.7,0.83,0.3,1.7,2.0,2.4,0.8,0.4,1.3,1.6,11.9,,2026-01-14
152.0,Kel'el Ware,21.0,MIA,C,40.0,27.0,24.5,4.7,8.5,0.548,1.2,2.8,0.425,3.5,5.7,0.61,0.619,1.3,1.6,0.815,3.3,6.8,10.1,0.6,0.9,1.2,1.0,1.7,11.9,,2026-01-14
153.0,Dyson Daniels,22.0,ATL,SG,41.0,41.0,34.2,5.2,10.3,0.502,0.2,1.5,0.113,5.0,8.8,0.569,0.511,1.2,1.9,0.62,2.2,4.4,6.6,6.2,1.9,0.5,2.2,2.2,11.8,,2026-01-14
154.0,Jonathan Kuminga,23.0,GSW,PF,18.0,13.0,24.8,4.3,10.1,0.431,0.9,2.8,0.32,3.4,7.3,0.473,0.475,2.2,3.0,0.741,1.6,4.6,6.2,2.6,0.3,0.3,2.4,1.7,11.8,,2026-01-14
155.0,Brandin Podziemski,22.0,GSW,SG,41.0,12.0,26.7,4.1,9.1,0.457,1.8,4.5,0.402,2.3,4.6,0.511,0.556,1.7,2.2,0.764,0.7,3.7,4.4,3.2,1.0,0.2,1.3,1.9,11.8,,2026-01-14
156.0,Duncan Robinson,31.0,DET,SF,36.0,36.0,29.1,3.9,9.0,0.432,2.8,7.1,0.393,1.1,1.9,0.582,0.588,1.2,1.5,0.778,0.3,2.5,2.8,1.9,0.8,0.3,0.7,2.3,11.8,,2026-01-14
157.0,Kevin Huerter,27.0,CHI,SF,34.0,10.0,24.4,4.5,9.8,0.459,1.6,5.3,0.307,2.9,4.5,0.636,0.542,1.1,1.5,0.76,0.5,3.3,3.8,2.5,0.9,0.6,1.2,2.0,11.7,,2026-01-14
158.0,Cameron Johnson,29.0,DEN,SF,28.0,28.0,30.6,4.0,8.8,0.461,1.9,4.5,0.429,2.1,4.3,0.496,0.571,1.7,2.1,0.81,0.7,2.9,3.6,2.4,0.6,0.3,1.0,2.3,11.7,,2026-01-14
159.0,Brandon Williams,26.0,DAL,PG,34.0,9.0,22.0,4.1,9.4,0.43,0.5,2.6,0.191,3.6,6.8,0.522,0.456,2.9,3.6,0.805,0.6,2.2,2.8,3.8,1.2,0.2,1.9,1.7,11.5,,2026-01-14
160.0,Klay Thompson,35.0,DAL,SF,37.0,8.0,22.2,4.0,10.7,0.376,2.8,7.6,0.367,1.2,3.1,0.398,0.508,0.5,0.8,0.714,0.3,2.2,2.5,1.3,0.4,0.3,0.9,1.0,11.4,,2026-01-14
161.0,Harrison Barnes,33.0,SAS,PF,40.0,40.0,28.9,3.9,8.9,0.435,1.9,5.2,0.364,2.0,3.6,0.538,0.542,1.7,1.9,0.868,0.8,2.3,3.1,2.2,0.8,0.1,1.0,1.4,11.3,,2026-01-14
162.0,Julian Champagnie,24.0,SAS,SF,40.0,26.0,28.5,3.6,8.7,0.418,2.4,6.6,0.365,1.2,2.1,0.583,0.556,1.6,1.9,0.831,1.0,5.2,6.2,1.5,0.9,0.4,1.0,1.5,11.3,,2026-01-14
163.0,Isaiah Hartenstein,27.0,OKC,C,24.0,24.0,26.9,4.8,7.5,0.644,0.0,0.2,0.0,4.8,7.3,0.659,0.644,1.5,2.4,0.649,3.4,7.0,10.4,3.0,1.1,0.8,2.1,2.9,11.2,,2026-01-14
164.0,Zaccharie Risacher,20.0,ATL,SF,36.0,36.0,24.6,4.3,9.4,0.462,1.6,4.4,0.358,2.8,5.0,0.553,0.546,0.9,1.5,0.642,0.9,2.4,3.3,1.4,0.9,0.5,0.9,2.2,11.2,,2026-01-14
165.0,Ausar Thompson,23.0,DET,SF,34.0,33.0,26.4,4.6,9.0,0.51,0.1,0.5,0.278,4.4,8.5,0.524,0.518,1.9,3.4,0.556,2.0,3.8,5.8,2.6,1.6,0.9,1.6,2.8,11.2,,2026-01-14
166.0,Jock Landale,30.0,MEM,C,37.0,19.0,22.6,4.3,8.4,0.518,1.1,2.9,0.393,3.2,5.5,0.584,0.586,1.4,2.0,0.667,2.9,3.4,6.3,1.7,0.5,0.5,1.0,2.4,11.1,,2026-01-14
167.0,Rudy Gobert,33.0,MIN,C,40.0,40.0,31.7,4.6,6.4,0.717,0.0,0.0,0.0,4.6,6.3,0.719,0.717,1.9,3.6,0.528,3.9,7.5,11.4,1.8,0.6,1.7,1.4,2.8,11.0,,2026-01-14
168.0,Donovan Clingan,21.0,POR,C,37.0,37.0,27.1,4.2,7.9,0.54,0.9,2.8,0.327,3.3,5.1,0.658,0.598,1.5,2.3,0.663,4.4,6.3,10.7,1.9,0.5,1.4,1.0,2.5,10.9,,2026-01-14
169.0,Caleb Love,24.0,POR,SG,33.0,1.0,21.5,3.9,10.2,0.387,2.1,6.3,0.329,1.9,3.9,0.481,0.488,0.9,1.2,0.732,0.5,2.2,2.7,2.4,0.5,0.1,1.1,1.3,10.8,,2026-01-14
170.0,De'Anthony Melton,27.0,GSW,PG,16.0,0.0,20.6,3.8,8.9,0.423,1.4,4.4,0.31,2.4,4.4,0.535,0.5,1.7,2.1,0.794,0.6,1.9,2.5,1.8,1.4,0.5,1.3,2.4,10.6,,2026-01-14
171.0,Dylan Harper,19.0,SAS,SG,30.0,0.0,21.3,4.1,9.6,0.426,0.7,2.5,0.263,3.4,7.1,0.484,0.46,1.6,2.2,0.738,0.8,2.4,3.2,3.5,1.0,0.2,1.5,2.0,10.5,,2026-01-14
172.0,Royce O'Neale,32.0,PHO,SF,40.0,35.0,29.5,3.7,8.5,0.431,2.9,7.0,0.419,0.7,1.5,0.483,0.603,0.3,0.4,0.667,0.7,4.4,5.1,2.8,1.3,0.3,1.5,2.3,10.5,,2026-01-14
173.0,Maxime Raynaud,22.0,SAC,C,32.0,18.0,23.5,4.5,8.0,0.561,0.3,0.8,0.32,4.2,7.2,0.587,0.576,1.3,1.8,0.719,1.9,4.6,6.5,1.1,0.4,0.5,1.0,2.7,10.5,,2026-01-14
174.0,Bilal Coulibaly,21.0,WAS,SG,24.0,24.0,27.3,3.4,8.7,0.389,1.0,3.7,0.273,2.4,5.0,0.475,0.447,2.7,3.5,0.762,1.0,3.8,4.8,2.6,1.5,1.0,1.7,3.0,10.4,,2026-01-14
175.0,Egor Dёmin,19.0,BRK,PG,33.0,26.0,24.8,3.5,8.9,0.399,2.4,6.1,0.391,1.2,2.8,0.418,0.534,0.9,1.1,0.829,0.5,2.8,3.3,3.5,0.9,0.3,1.8,1.9,10.4,,2026-01-14
176.0,Derrick Jones Jr.,28.0,LAC,SF,17.0,13.0,24.2,3.8,6.9,0.556,1.3,3.2,0.4,2.5,3.6,0.694,0.65,1.4,1.8,0.774,0.9,1.8,2.6,1.2,0.8,1.1,0.8,2.1,10.4,,2026-01-14
177.0,Jusuf Nurkić,31.0,UTA,C,32.0,27.0,25.9,4.2,8.2,0.506,0.6,1.6,0.36,3.6,6.7,0.54,0.54,1.6,2.8,0.556,2.8,7.3,10.0,4.3,1.4,0.4,2.4,3.2,10.4,,2026-01-14
178.0,Isaiah Stewart,24.0,DET,C,34.0,11.0,23.7,4.1,7.5,0.539,0.9,2.4,0.373,3.1,5.1,0.618,0.6,1.4,2.0,0.706,1.9,3.7,5.6,1.1,0.3,2.1,1.2,3.1,10.4,,2026-01-14
179.0,A.J. Green,26.0,MIL,SG,37.0,37.0,29.5,3.4,7.6,0.44,3.0,6.9,0.431,0.4,0.7,0.519,0.635,0.6,0.8,0.793,0.2,2.4,2.6,2.1,0.6,0.1,0.9,2.5,10.3,,2026-01-14
180.0,Sandro Mamukelashvili,26.0,TOR,C,40.0,8.0,21.4,3.9,7.6,0.513,1.2,3.3,0.364,2.7,4.3,0.628,0.592,1.3,1.7,0.773,1.5,3.4,4.9,1.9,0.7,0.6,0.8,1.9,10.3,,2026-01-14
181.0,Moses Moody,23.0,GSW,SG,39.0,28.0,24.3,3.5,8.5,0.408,2.1,5.6,0.369,1.4,2.9,0.482,0.529,1.3,1.6,0.813,0.8,2.3,3.1,1.5,0.9,0.6,0.9,2.0,10.3,,2026-01-14
182.0,Aaron Wiggins,27.0,OKC,SG,28.0,9.0,22.9,3.9,8.7,0.447,1.8,4.6,0.385,2.1,4.1,0.518,0.549,0.7,1.0,0.704,0.6,2.5,3.1,1.8,0.7,0.7,1.1,1.5,10.3,,2026-01-14
183.0,D'Angelo Russell,29.0,DAL,PG,26.0,3.0,19.0,3.6,8.9,0.405,1.3,4.3,0.295,2.3,4.6,0.508,0.476,1.7,2.3,0.717,0.3,2.0,2.3,4.0,0.5,0.1,1.9,1.2,10.2,,2026-01-14
184.0,Vit Krejci,25.0,ATL,PG,38.0,5.0,24.0,3.4,7.3,0.473,2.5,5.7,0.436,0.9,1.6,0.61,0.644,0.7,0.9,0.758,0.5,1.8,2.3,1.6,0.9,0.3,0.8,2.5,10.1,,2026-01-14
185.0,Neemias Queta,26.0,BOS,C,37.0,37.0,24.8,4.4,6.8,0.656,0.0,0.1,0.0,4.4,6.6,0.667,0.656,1.3,2.1,0.603,3.1,5.1,8.2,1.4,0.8,1.2,0.9,2.7,10.1,,2026-01-14
186.0,Brice Sensabaugh,22.0,UTA,SF,38.0,9.0,20.2,3.6,8.3,0.427,1.5,4.7,0.322,2.0,3.6,0.566,0.519,1.5,1.7,0.864,0.8,2.1,2.8,1.5,0.7,0.1,1.3,1.8,10.1,,2026-01-14
187.0,T.J. McConnell,33.0,IND,PG,28.0,0.0,17.3,4.6,8.5,0.54,0.4,1.1,0.355,4.2,7.4,0.567,0.563,0.4,0.5,0.923,0.4,1.9,2.3,4.9,1.2,0.2,1.3,1.1,10.0,,2026-01-14
188.0,Marvin Bagley III,26.0,WAS,PF,32.0,7.0,19.2,4.0,6.4,0.624,0.2,0.5,0.438,3.8,5.9,0.64,0.641,1.7,2.3,0.736,2.4,3.1,5.5,1.5,0.5,0.7,1.2,2.1,9.9,,2026-01-14
189.0,Ace Bailey,19.0,UTA,SF,32.0,21.0,23.1,3.9,9.0,0.438,1.4,4.0,0.349,2.5,5.0,0.509,0.516,0.6,0.9,0.667,1.4,1.8,3.2,1.5,0.7,0.4,1.2,2.4,9.9,,2026-01-14
190.0,Jordan Clarkson,33.0,NYK,SG,39.0,0.0,20.1,3.7,8.5,0.436,1.4,4.2,0.346,2.3,4.3,0.524,0.521,1.1,1.4,0.796,0.8,1.0,1.8,1.4,0.4,0.1,1.1,2.0,9.9,,2026-01-14
191.0,Tristan Da Silva,24.0,ORL,SF,35.0,13.0,23.2,3.7,8.1,0.451,1.6,4.1,0.396,2.0,4.0,0.507,0.551,0.9,1.0,0.833,0.8,2.8,3.6,1.2,0.8,0.2,0.9,1.4,9.8,,2026-01-14
192.0,Jake LaRavia,24.0,LAL,PF,38.0,17.0,27.3,3.6,7.6,0.467,1.2,3.6,0.341,2.3,4.1,0.578,0.547,1.4,2.0,0.733,1.6,2.7,4.3,2.0,1.3,0.4,1.1,2.3,9.8,,2026-01-14
193.0,Zach Collins,28.0,CHI,C,10.0,0.0,18.4,3.7,6.4,0.578,0.9,2.1,0.429,2.8,4.3,0.651,0.648,1.4,2.0,0.7,1.6,4.0,5.6,1.5,0.2,0.4,1.0,1.8,9.7,,2026-01-14
194.0,Isaiah Joe,26.0,OKC,SG,32.0,0.0,19.6,2.9,6.7,0.437,2.2,5.5,0.406,0.7,1.3,0.575,0.602,1.6,1.8,0.877,0.5,2.1,2.5,1.3,0.5,0.2,0.6,1.6,9.7,,2026-01-14
195.0,Jakob Poeltl,30.0,TOR,C,21.0,21.0,25.3,4.2,6.0,0.693,0.0,0.0,,4.2,6.0,0.693,0.693,1.3,2.2,0.596,2.7,5.0,7.7,2.1,0.8,0.5,1.6,3.1,9.7,,2026-01-14
196.0,Christian Braun,24.0,DEN,SG,14.0,14.0,28.9,3.6,7.9,0.459,0.5,2.4,0.212,3.1,5.6,0.564,0.491,1.7,2.3,0.75,1.4,2.8,4.2,2.5,0.6,0.4,1.2,2.1,9.5,,2026-01-14
197.0,Bub Carrington,20.0,WAS,PG,38.0,12.0,27.4,3.3,8.1,0.405,2.0,4.7,0.421,1.3,3.4,0.382,0.526,1.0,1.3,0.725,0.4,3.5,3.8,4.4,0.5,0.2,2.2,2.4,9.5,,2026-01-14
198.0,Herbert Jones,27.0,NOP,SF,23.0,23.0,28.3,3.5,8.8,0.394,1.4,4.2,0.333,2.1,4.7,0.449,0.473,1.1,1.4,0.813,1.1,2.6,3.7,2.3,1.7,0.3,1.3,3.3,9.5,,2026-01-14
199.0,Marcus Smart,31.0,LAL,SG,29.0,22.0,28.4,3.0,7.7,0.396,1.6,5.1,0.304,1.5,2.6,0.581,0.498,1.8,1.9,0.927,0.7,2.4,3.1,3.0,1.4,0.4,1.8,2.8,9.4,,2026-01-14
200.0,Corey Kispert,26.0,2TM,SF,21.0,2.0,19.5,3.1,6.4,0.485,1.6,4.1,0.384,1.5,2.3,0.667,0.608,1.5,2.0,0.762,0.3,1.9,2.2,1.7,0.4,0.1,0.8,1.1,9.3,,2026-01-14
200.0,Corey Kispert,26.0,WAS,SF,19.0,2.0,19.5,3.1,6.3,0.496,1.6,4.0,0.395,1.5,2.3,0.674,0.622,1.4,1.8,0.765,0.3,2.0,2.3,1.7,0.4,0.2,0.7,1.1,9.2,,2026-01-14
200.0,Corey Kispert,26.0,ATL,SF,2.0,0.0,19.5,3.0,7.5,0.4,1.5,5.0,0.3,1.5,2.5,0.6,0.5,3.0,4.0,0.75,0.0,1.0,1.0,2.0,0.5,0.0,1.5,1.5,10.5,,2026-01-14
201.0,Khris Middleton,34.0,WAS,SF,26.0,26.0,24.0,3.5,8.1,0.429,0.7,2.5,0.288,2.7,5.5,0.493,0.474,1.6,2.0,0.808,0.9,3.0,3.9,3.2,0.8,0.3,1.6,2.7,9.3,,2026-01-14
202.0,Landry Shamet,28.0,NYK,SG,15.0,6.0,20.9,2.8,6.2,0.452,1.9,4.4,0.424,0.9,1.8,0.519,0.602,1.8,2.3,0.794,0.5,1.5,2.0,1.2,0.4,0.2,0.5,1.3,9.3,,2026-01-14
203.0,Pelle Larsson,24.0,MIA,SG,32.0,19.0,22.3,3.2,6.9,0.464,1.0,3.0,0.344,2.2,3.9,0.556,0.538,1.7,2.3,0.753,0.6,2.1,2.7,3.1,0.6,0.3,1.0,1.9,9.2,,2026-01-14
204.0,Cam Whitmore,21.0,WAS,SF,21.0,0.0,16.9,3.7,8.0,0.456,0.8,2.7,0.286,2.9,5.4,0.54,0.503,1.1,1.5,0.742,0.9,1.9,2.8,0.7,0.7,0.4,0.9,1.2,9.2,,2026-01-14
205.0,Davion Mitchell,27.0,MIA,PG,38.0,38.0,29.5,3.7,7.7,0.478,1.1,2.8,0.398,2.6,4.9,0.524,0.551,0.6,1.0,0.615,0.3,2.1,2.5,7.3,1.2,0.1,1.7,2.8,9.1,,2026-01-14
206.0,Jalen Smith,25.0,CHI,C,32.0,4.0,18.2,3.3,7.3,0.461,1.3,3.9,0.331,2.1,3.4,0.611,0.55,1.2,1.5,0.771,2.0,4.4,6.4,1.3,0.3,0.8,0.9,2.0,9.1,,2026-01-14
207.0,Ziaire Williams,24.0,BRK,SF,29.0,4.0,22.6,2.9,7.0,0.407,1.6,5.1,0.313,1.3,2.0,0.649,0.52,1.8,2.1,0.867,0.6,1.8,2.4,0.7,1.1,0.5,1.0,2.0,9.1,,2026-01-14
208.0,Kyle Filipowski,22.0,UTA,C,38.0,12.0,21.8,3.3,7.3,0.455,0.8,2.5,0.313,2.5,4.8,0.53,0.509,1.6,2.2,0.694,1.6,4.4,6.0,1.9,0.6,0.5,1.2,2.6,9.0,,2026-01-14
209.0,Svi Mykhailiuk,28.0,UTA,SF,35.0,35.0,24.8,3.4,7.2,0.466,1.9,4.8,0.385,1.5,2.4,0.631,0.595,0.4,0.5,0.882,0.8,1.8,2.6,2.0,0.5,0.1,0.8,1.3,9.0,,2026-01-14
210.0,Jarace Walker,22.0,IND,PF,40.0,12.0,23.2,3.0,8.2,0.365,1.5,4.3,0.349,1.5,3.9,0.383,0.457,1.5,1.9,0.803,0.4,4.0,4.4,1.9,0.7,0.3,1.6,1.6,9.0,,2026-01-14
211.0,Jordan Goodwin,27.0,PHO,PG,37.0,2.0,21.5,3.4,8.6,0.392,1.5,4.5,0.341,1.8,4.1,0.447,0.481,0.6,0.8,0.733,1.9,2.7,4.6,2.2,1.4,0.2,1.2,1.6,8.9,,2026-01-14
212.0,Nikola Jović,22.0,MIA,PF,29.0,1.0,19.7,2.9,7.3,0.392,1.2,3.8,0.309,1.7,3.5,0.48,0.472,1.8,2.3,0.779,0.5,3.3,3.8,2.9,0.7,0.4,1.8,1.8,8.7,,2026-01-14
213.0,Isaiah Collier,21.0,UTA,PG,31.0,2.0,23.1,3.1,6.1,0.511,0.5,1.3,0.341,2.7,4.8,0.557,0.547,1.9,2.8,0.659,0.3,2.0,2.3,6.7,0.7,0.4,2.3,2.3,8.6,,2026-01-14
214.0,Draymond Green,35.0,GSW,PF,34.0,34.0,26.9,3.1,7.4,0.428,1.5,4.4,0.336,1.7,3.0,0.564,0.528,0.9,1.3,0.659,0.7,5.2,5.9,5.3,0.9,0.8,2.9,3.1,8.6,,2026-01-14
215.0,Ryan Kalkbrenner,24.0,CHO,C,28.0,25.0,25.0,3.6,4.7,0.779,0.0,0.1,0.0,3.6,4.6,0.791,0.779,1.3,1.8,0.735,2.6,3.7,6.3,0.6,0.6,1.8,1.1,1.8,8.6,,2026-01-14
216.0,Isaac Okoro,25.0,CHI,SG,31.0,31.0,24.7,3.2,6.8,0.469,1.1,3.2,0.343,2.1,3.6,0.58,0.55,1.1,1.5,0.756,1.2,1.6,2.8,1.3,0.5,0.5,0.7,2.6,8.6,,2026-01-14
217.0,Gary Trent Jr.,27.0,MIL,SG,38.0,17.0,24.9,2.9,7.7,0.382,2.0,5.5,0.362,0.9,2.2,0.434,0.512,0.7,0.9,0.818,0.1,1.2,1.3,1.6,0.7,0.1,0.6,1.4,8.6,,2026-01-14
218.0,Dominick Barlow,22.0,PHI,PF,28.0,25.0,25.0,3.4,6.1,0.556,0.4,1.6,0.273,3.0,4.5,0.654,0.591,1.3,1.7,0.787,2.1,3.2,5.3,1.4,0.8,0.8,1.0,2.3,8.5,,2026-01-14
219.0,Kentavious Caldwell-Pope,32.0,MEM,SG,38.0,13.0,21.3,2.9,7.1,0.411,1.3,3.6,0.356,1.7,3.6,0.467,0.5,1.4,1.5,0.931,0.4,2.0,2.4,3.0,0.8,0.2,1.2,1.0,8.5,,2026-01-14
220.0,Jonas Valančiūnas,33.0,DEN,C,33.0,1.0,13.3,3.5,5.9,0.593,0.1,0.4,0.25,3.4,5.5,0.615,0.601,1.4,1.8,0.77,1.3,3.3,4.7,1.2,0.2,0.6,1.1,2.0,8.5,,2026-01-14
221.0,Ron Holland,20.0,DET,SF,36.0,5.0,21.0,3.1,7.5,0.41,0.7,2.8,0.242,2.4,4.8,0.506,0.454,1.6,1.9,0.812,1.1,3.1,4.2,1.4,1.4,0.4,1.3,2.1,8.4,,2026-01-14
222.0,Jay Huff,27.0,IND,C,40.0,21.0,20.0,3.0,6.7,0.451,1.4,4.4,0.316,1.6,2.3,0.714,0.556,1.0,1.2,0.83,1.0,2.7,3.7,1.4,0.4,2.1,0.9,2.5,8.4,,2026-01-14
223.0,Micah Potter,27.0,IND,C,10.0,2.0,17.8,2.5,4.9,0.51,1.5,3.3,0.455,1.0,1.6,0.625,0.663,1.9,2.0,0.95,0.8,2.9,3.7,1.4,0.2,0.3,0.8,1.9,8.4,,2026-01-14
224.0,Jaden Ivey,23.0,DET,SG,23.0,2.0,16.9,3.1,6.8,0.452,1.0,3.1,0.338,2.0,3.7,0.547,0.529,1.1,1.4,0.813,0.6,1.6,2.2,1.8,0.6,0.3,0.9,1.3,8.3,,2026-01-14
225.0,Caris LeVert,31.0,DET,SG,28.0,0.0,20.0,2.9,6.7,0.439,1.2,3.3,0.37,1.7,3.4,0.505,0.529,1.2,1.8,0.667,0.3,1.5,1.8,2.9,0.9,0.6,1.4,1.4,8.3,,2026-01-14
226.0,Bradley Beal,32.0,LAC,SG,6.0,6.0,20.2,3.0,8.0,0.375,1.2,3.2,0.368,1.8,4.8,0.379,0.448,1.0,1.3,0.75,0.3,0.5,0.8,1.7,0.5,0.0,1.5,2.3,8.2,,2026-01-14
227.0,Moussa Diabaté,24.0,CHO,C,37.0,11.0,24.3,3.1,5.0,0.62,0.0,0.0,,3.1,5.0,0.62,0.62,2.0,3.0,0.667,3.7,4.7,8.4,1.5,0.8,1.0,0.8,2.5,8.2,,2026-01-14
228.0,Luguentz Dort,26.0,OKC,SF,31.0,31.0,26.9,2.9,7.5,0.384,1.8,5.6,0.324,1.1,1.9,0.559,0.504,0.7,0.7,0.913,0.8,2.8,3.7,1.0,0.9,0.6,0.7,3.1,8.2,,2026-01-14
229.0,Luke Kornet,30.0,SAS,C,32.0,22.0,24.7,3.1,4.8,0.658,0.0,0.0,,3.1,4.8,0.658,0.658,2.0,2.4,0.829,3.2,3.8,6.9,2.0,0.4,1.3,0.5,2.1,8.2,,2026-01-14
230.0,Tre Mann,24.0,CHO,PG,26.0,1.0,17.6,3.1,8.3,0.373,1.4,4.3,0.321,1.7,4.0,0.429,0.456,0.6,0.7,0.882,0.7,1.8,2.5,2.3,0.5,0.1,1.4,1.9,8.2,,2026-01-14
231.0,Bogdan Bogdanović,33.0,LAC,SG,16.0,3.0,22.5,2.8,7.3,0.376,1.5,4.5,0.333,1.3,2.8,0.444,0.479,1.0,1.2,0.842,0.3,2.6,2.9,2.7,0.5,0.1,1.2,2.5,8.0,,2026-01-14
232.0,Kris Dunn,31.0,LAC,PG,39.0,33.0,27.2,3.1,6.3,0.482,1.1,3.1,0.364,1.9,3.2,0.595,0.571,0.7,1.0,0.763,0.8,2.0,2.8,3.1,1.5,0.2,1.3,2.3,8.0,,2026-01-14
233.0,Simone Fontecchio,30.0,MIA,SF,37.0,1.0,16.1,2.6,6.6,0.389,1.7,4.7,0.364,0.9,1.9,0.451,0.518,1.2,1.5,0.8,0.5,2.2,2.7,1.4,0.5,0.1,0.9,1.4,8.0,,2026-01-14
234.0,Bryce McGowens,23.0,NOP,SG,26.0,11.0,19.9,2.6,5.5,0.479,0.9,1.9,0.469,1.7,3.6,0.484,0.56,1.8,2.5,0.75,0.3,1.7,2.1,1.4,0.7,0.2,0.5,1.8,8.0,,2026-01-14
235.0,Moritz Wagner,28.0,ORL,C,1.0,0.0,10.0,3.0,7.0,0.429,0.0,2.0,0.0,3.0,5.0,0.6,0.429,2.0,2.0,1.0,0.0,2.0,2.0,2.0,0.0,0.0,0.0,2.0,8.0,,2026-01-14
236.0,Grant Williams,27.0,CHO,PF,2.0,0.0,13.5,2.5,6.5,0.385,2.0,6.0,0.333,0.5,0.5,1.0,0.538,1.0,1.5,0.667,2.0,3.0,5.0,0.0,0.0,0.0,0.0,0.0,8.0,,2026-01-14
237.0,Jose Alvarado,27.0,NOP,PG,35.0,0.0,22.2,2.9,6.8,0.424,1.6,4.4,0.361,1.3,2.4,0.542,0.542,0.5,0.7,0.826,0.4,2.4,2.8,3.3,1.0,0.1,1.3,2.1,7.9,,2026-01-14
238.0,Daniel Gafford,27.0,DAL,C,28.0,19.0,20.9,3.1,4.9,0.623,0.0,0.0,,3.1,4.9,0.623,0.623,1.8,2.3,0.778,1.9,4.4,6.4,0.9,0.8,1.4,1.4,2.6,7.9,,2026-01-14
239.0,Luke Kennard,29.0,ATL,SG,36.0,0.0,20.5,2.8,5.3,0.521,1.6,3.3,0.475,1.2,1.9,0.6,0.671,0.8,0.8,0.933,0.4,1.5,1.9,2.3,0.8,0.1,0.8,1.2,7.9,,2026-01-14
240.0,Terance Mann,29.0,BRK,SG,33.0,33.0,26.3,2.9,6.5,0.446,0.8,2.6,0.314,2.1,3.8,0.535,0.509,1.3,1.6,0.846,1.4,2.1,3.5,3.8,0.8,0.3,1.1,2.8,7.9,,2026-01-14
241.0,Quinten Post,25.0,GSW,PF,41.0,27.0,18.0,3.0,6.8,0.436,1.5,4.5,0.341,1.4,2.3,0.621,0.548,0.4,0.5,0.818,0.9,2.9,3.8,1.4,0.5,0.5,0.8,2.0,7.9,,2026-01-14
242.0,Sam Hauser,28.0,BOS,PF,38.0,10.0,22.5,2.6,6.8,0.385,2.3,6.1,0.383,0.3,0.8,0.4,0.554,0.2,0.2,0.875,0.7,2.9,3.6,1.2,0.6,0.3,0.6,1.2,7.8,,2026-01-14
243.0,Vince Williams Jr.,25.0,MEM,PG,25.0,11.0,21.9,2.7,7.6,0.351,1.3,4.4,0.3,1.4,3.2,0.42,0.437,1.1,1.3,0.818,0.8,3.5,4.3,4.9,0.7,0.5,2.0,2.1,7.8,,2026-01-14
244.0,Tyrese Martin,26.0,BRK,SG,31.0,6.0,19.6,2.9,7.2,0.397,1.5,4.3,0.341,1.4,3.0,0.478,0.498,0.5,0.8,0.708,0.9,2.0,3.0,2.1,0.7,0.1,1.0,1.0,7.7,,2026-01-14
245.0,Ryan Nembhard,22.0,DAL,PG,27.0,17.0,20.7,3.3,6.9,0.473,1.0,2.5,0.397,2.3,4.4,0.517,0.546,0.2,0.3,0.714,0.2,1.6,1.8,5.1,0.2,0.0,1.6,1.5,7.7,,2026-01-14
246.0,Day'Ron Sharpe,24.0,BRK,C,36.0,3.0,17.8,2.9,4.9,0.597,0.2,0.8,0.214,2.8,4.1,0.669,0.614,1.7,2.5,0.667,2.4,3.8,6.3,2.4,1.0,0.5,1.6,2.2,7.7,,2026-01-14
247.0,Kyle Anderson,32.0,UTA,SF,12.0,0.0,20.1,3.0,6.2,0.486,0.1,0.2,0.5,2.9,6.0,0.486,0.493,1.5,2.0,0.75,1.1,2.4,3.5,2.8,1.5,0.4,1.0,2.3,7.6,,2026-01-14
248.0,Jamaree Bouyea,26.0,PHO,PG,19.0,0.0,14.7,3.1,5.5,0.562,0.8,2.1,0.41,2.3,3.5,0.652,0.638,0.6,0.8,0.688,0.5,1.5,2.1,1.7,0.6,0.4,0.4,0.7,7.6,,2026-01-14
249.0,Daniss Jenkins,24.0,DET,PG,31.0,6.0,16.4,2.8,6.5,0.428,1.0,2.5,0.39,1.8,4.0,0.452,0.502,1.1,1.4,0.795,0.6,1.3,1.8,3.3,0.9,0.1,1.4,1.3,7.6,,2026-01-14
250.0,Luka Garza,27.0,BOS,C,31.0,1.0,16.3,2.7,4.4,0.618,0.7,1.3,0.512,2.0,3.1,0.663,0.695,1.4,1.7,0.796,2.5,1.9,4.4,0.9,0.4,0.5,0.4,2.5,7.5,,2026-01-14
251.0,Collin Murray-Boyles,20.0,TOR,PF,34.0,10.0,20.7,3.1,5.8,0.541,0.4,1.2,0.366,2.7,4.6,0.587,0.579,0.8,1.3,0.622,2.5,2.5,4.9,1.8,0.9,0.6,1.1,2.6,7.5,,2026-01-14
252.0,Danny Wolf,21.0,BRK,PF,23.0,3.0,19.5,2.7,7.0,0.381,1.0,3.0,0.343,1.6,3.9,0.411,0.456,1.1,1.4,0.813,1.0,3.3,4.3,1.8,0.6,0.3,1.1,1.5,7.5,,2026-01-14
253.0,Trendon Watford,25.0,PHI,PF,17.0,4.0,17.3,2.8,5.2,0.534,0.4,1.1,0.389,2.4,4.1,0.571,0.574,1.4,1.8,0.8,0.9,3.1,4.0,3.1,0.4,0.2,1.2,2.3,7.4,,2026-01-14
254.0,Isaiah Jackson,24.0,IND,C,29.0,14.0,18.3,2.9,4.9,0.585,0.0,0.0,,2.9,4.9,0.585,0.585,1.6,2.1,0.742,2.5,3.4,5.9,0.8,0.7,0.8,1.1,3.0,7.3,,2026-01-14
255.0,Will Richard,23.0,GSW,SG,36.0,13.0,18.8,2.6,5.1,0.503,1.2,3.1,0.381,1.4,2.0,0.694,0.619,1.0,1.2,0.814,1.0,1.6,2.6,1.1,1.0,0.1,0.8,1.9,7.3,,2026-01-14
256.0,Cason Wallace,22.0,OKC,SG,39.0,32.0,26.8,2.8,6.7,0.411,1.3,3.8,0.351,1.4,2.9,0.487,0.51,0.4,0.6,0.773,0.8,2.2,3.0,2.1,2.2,0.2,0.9,2.0,7.3,,2026-01-14
257.0,Javonte Green,32.0,DET,SG,38.0,4.0,19.9,2.5,5.6,0.439,1.1,3.0,0.351,1.4,2.6,0.54,0.533,1.2,1.6,0.783,0.8,2.1,2.8,0.8,1.4,0.4,0.7,1.6,7.2,,2026-01-14
258.0,Buddy Hield,33.0,GSW,SG,35.0,3.0,16.7,2.7,6.4,0.415,1.4,4.2,0.324,1.3,2.2,0.592,0.522,0.5,0.6,0.9,0.6,1.8,2.4,1.4,0.8,0.1,1.0,1.3,7.2,,2026-01-14
259.0,Kevin Love,37.0,UTA,PF,23.0,4.0,17.3,2.3,5.8,0.403,1.5,4.2,0.354,0.9,1.7,0.526,0.53,1.0,1.3,0.8,1.6,3.9,5.4,1.9,0.3,0.3,0.7,1.9,7.2,,2026-01-14
260.0,Precious Achiuwa,26.0,SAC,C,33.0,19.0,20.2,2.9,5.9,0.495,0.3,1.1,0.314,2.6,4.9,0.534,0.523,0.9,1.8,0.508,1.8,3.5,5.3,1.2,0.8,0.5,0.5,1.7,7.1,,2026-01-14
261.0,Bruce Brown,29.0,DEN,SG,40.0,2.0,24.7,2.8,6.1,0.449,0.5,1.5,0.317,2.3,4.6,0.492,0.488,1.1,1.5,0.776,1.1,3.1,4.2,2.2,1.0,0.2,1.1,2.4,7.1,,2026-01-14
262.0,Walter Clayton,22.0,UTA,PG,34.0,0.0,17.4,2.4,5.6,0.419,1.1,3.2,0.345,1.2,2.4,0.519,0.518,1.3,1.4,0.957,0.3,1.6,1.9,3.1,0.5,0.2,1.1,1.9,7.1,,2026-01-14
263.0,Seth Curry,35.0,GSW,SG,2.0,0.0,16.0,3.0,4.5,0.667,1.0,2.0,0.5,2.0,2.5,0.8,0.778,0.0,0.0,,0.5,1.5,2.0,1.5,1.0,0.0,0.0,1.5,7.0,,2026-01-14
264.0,Andre Drummond,32.0,PHI,C,33.0,15.0,20.2,2.8,5.4,0.508,0.5,1.3,0.395,2.2,4.1,0.544,0.556,1.0,1.6,0.635,3.4,5.4,8.8,0.8,0.6,0.9,0.8,2.1,7.0,,2026-01-14
265.0,Jamal Shead,23.0,TOR,PG,41.0,3.0,21.2,2.4,6.4,0.37,1.1,3.6,0.322,1.2,2.8,0.431,0.46,1.1,1.5,0.77,0.3,1.4,1.7,5.4,1.0,0.1,1.3,2.1,7.0,,2026-01-14
266.0,Bones Hyland,25.0,MIN,PG,32.0,3.0,13.9,2.5,5.5,0.451,1.2,3.4,0.361,1.3,2.1,0.597,0.563,0.7,0.9,0.767,0.2,1.2,1.4,2.5,0.5,0.2,0.8,1.7,6.9,,2026-01-14
267.0,Quenton Jackson,27.0,IND,PG,17.0,8.0,15.6,2.2,4.9,0.452,0.6,1.8,0.355,1.6,3.1,0.509,0.518,1.8,2.4,0.756,0.4,1.4,1.8,1.9,0.6,0.2,1.2,1.7,6.9,,2026-01-14
268.0,Justin Champagnie,24.0,WAS,SF,36.0,9.0,17.6,2.6,5.3,0.492,0.6,1.9,0.313,2.0,3.4,0.59,0.548,1.0,1.4,0.72,2.1,3.4,5.5,1.0,0.7,0.6,0.5,1.6,6.8,,2026-01-14
269.0,Ryan Dunn,23.0,PHO,SF,33.0,11.0,21.6,2.7,6.1,0.445,0.8,2.7,0.307,1.9,3.4,0.554,0.513,0.5,0.8,0.692,1.7,3.1,4.7,1.8,1.0,0.5,1.1,2.5,6.8,,2026-01-14
270.0,Tristan Vukcevic,22.0,WAS,C,29.0,2.0,11.6,2.3,5.1,0.45,0.4,2.0,0.19,1.9,3.1,0.615,0.487,1.8,2.3,0.776,0.6,1.8,2.4,1.0,0.3,0.7,1.0,1.3,6.8,,2026-01-14
271.0,Al Horford,39.0,GSW,C,22.0,1.0,19.2,2.4,6.2,0.382,1.5,4.5,0.347,0.8,1.7,0.474,0.507,0.5,0.5,1.0,1.0,3.8,4.8,1.9,0.8,1.0,1.0,1.1,6.7,,2026-01-14
272.0,Jordan Miller,26.0,LAC,SF,18.0,0.0,14.9,2.2,4.4,0.506,0.8,1.9,0.429,1.4,2.4,0.568,0.601,1.4,1.8,0.813,0.7,1.8,2.6,1.1,0.3,0.2,0.7,0.7,6.7,,2026-01-14
273.0,Ben Sheppard,24.0,IND,SG,29.0,11.0,24.0,2.4,6.3,0.375,1.2,3.8,0.318,1.2,2.6,0.459,0.47,0.7,0.8,0.792,0.7,3.1,3.7,1.8,0.6,0.1,0.6,1.9,6.6,,2026-01-14
274.0,Nick Smith Jr.,21.0,LAL,SG,20.0,1.0,14.4,2.5,5.9,0.427,1.3,3.2,0.406,1.2,2.7,0.453,0.538,0.3,0.5,0.6,0.1,0.8,0.9,1.2,0.4,0.1,0.8,1.1,6.6,,2026-01-14
275.0,Sion James,23.0,CHO,SG,40.0,16.0,25.6,2.0,4.9,0.405,1.1,3.0,0.378,0.9,1.9,0.447,0.521,1.4,1.6,0.862,0.5,2.9,3.4,1.9,0.6,0.4,0.8,1.7,6.5,,2026-01-14
276.0,Cole Anthony,25.0,MIL,PG,28.0,0.0,14.8,2.7,6.4,0.427,0.5,1.9,0.278,2.2,4.4,0.492,0.469,0.5,0.8,0.591,0.4,2.1,2.5,3.6,0.6,0.3,1.9,2.1,6.4,,2026-01-14
277.0,Jaden Hardy,23.0,DAL,SG,27.0,2.0,11.4,2.1,5.2,0.411,1.3,3.3,0.389,0.9,1.9,0.451,0.535,0.8,1.0,0.846,0.3,1.0,1.3,0.6,0.2,0.1,0.9,1.1,6.4,,2026-01-14
278.0,Brook Lopez,37.0,LAC,C,32.0,6.0,17.0,2.2,6.0,0.361,1.5,4.4,0.345,0.6,1.5,0.408,0.49,0.6,0.7,0.818,0.3,2.3,2.7,0.9,0.4,1.0,0.8,1.7,6.4,,2026-01-14
279.0,Tidjane Salaün,20.0,CHO,PF,25.0,0.0,16.7,2.3,4.7,0.496,1.0,2.5,0.419,1.3,2.2,0.582,0.607,0.8,1.1,0.704,0.7,3.6,4.2,0.9,0.4,0.2,0.8,1.6,6.4,,2026-01-14
280.0,Alex Caruso,31.0,OKC,SG,29.0,0.0,18.4,2.3,5.3,0.438,1.0,3.2,0.315,1.3,2.1,0.623,0.533,0.7,0.8,0.909,0.6,2.2,2.8,2.1,1.4,0.4,0.8,1.3,6.3,,2026-01-14
281.0,Jaxson Hayes,25.0,LAL,C,32.0,4.0,17.6,2.6,3.3,0.766,0.0,0.0,1.0,2.5,3.3,0.764,0.771,1.2,1.8,0.655,1.5,2.5,4.0,0.9,0.4,0.6,0.5,2.1,6.3,,2026-01-14
282.0,GG Jackson II,21.0,MEM,PF,19.0,3.0,14.6,2.3,5.4,0.422,0.7,2.8,0.245,1.6,2.6,0.612,0.485,1.1,1.4,0.741,0.4,2.5,2.8,0.6,0.8,0.4,0.9,1.4,6.3,,2026-01-14
283.0,Jared McCain,21.0,PHI,SG,29.0,1.0,17.5,2.3,6.7,0.352,1.0,3.2,0.323,1.3,3.4,0.38,0.43,0.6,0.7,0.857,0.1,2.1,2.3,1.7,0.8,0.0,0.8,1.2,6.3,,2026-01-14
284.0,Mac McClung,27.0,IND,SG,3.0,0.0,11.3,2.3,6.0,0.389,0.7,3.3,0.2,1.7,2.7,0.625,0.444,1.0,1.3,0.75,0.0,1.3,1.3,0.3,1.7,0.3,0.7,2.0,6.3,,2026-01-14
285.0,Josh Minott,23.0,BOS,PF,29.0,10.0,17.6,2.3,4.5,0.504,1.1,2.5,0.438,1.2,2.0,0.586,0.626,0.7,0.9,0.769,1.3,2.6,4.0,1.1,0.8,0.4,0.6,1.7,6.3,,2026-01-14
286.0,Dru Smith,28.0,MIA,SG,40.0,1.0,16.9,2.2,4.9,0.439,0.7,2.1,0.341,1.5,2.9,0.509,0.51,1.3,1.6,0.81,0.7,1.7,2.4,2.6,1.5,0.3,1.0,1.6,6.3,,2026-01-14
287.0,Nae'Qwan Tomlin,25.0,CLE,PF,30.0,2.0,15.3,2.5,5.1,0.484,0.5,1.8,0.255,2.0,3.3,0.612,0.529,0.9,1.3,0.711,1.3,1.6,2.9,0.7,0.7,0.7,0.4,1.8,6.3,,2026-01-14
288.0,Jordan Walsh,21.0,BOS,PF,34.0,20.0,19.5,2.4,4.3,0.559,0.8,1.8,0.443,1.6,2.5,0.643,0.652,0.7,0.9,0.806,1.4,3.3,4.7,0.9,1.0,0.5,0.6,2.3,6.3,,2026-01-14
289.0,Patrick Williams,24.0,CHI,PF,37.0,1.0,18.5,2.2,6.1,0.363,1.2,3.3,0.38,1.0,2.8,0.343,0.465,0.6,1.0,0.649,0.6,2.2,2.9,1.2,0.8,0.3,0.9,1.3,6.3,,2026-01-14
290.0,Aaron Holiday,29.0,HOU,PG,29.0,1.0,14.3,2.0,5.0,0.4,1.3,3.4,0.38,0.7,1.6,0.444,0.531,0.9,1.0,0.862,0.1,0.7,0.9,1.0,0.4,0.1,0.7,1.4,6.2,,2026-01-14
291.0,Kobe Sanders,23.0,LAC,SG,31.0,4.0,19.7,2.2,5.2,0.431,0.9,2.5,0.364,1.3,2.7,0.494,0.519,0.8,1.0,0.867,0.5,1.9,2.4,1.5,0.6,0.1,1.4,2.3,6.2,,2026-01-14
292.0,Goga Bitadze,26.0,ORL,C,36.0,1.0,17.0,2.5,3.7,0.689,0.1,0.3,0.2,2.5,3.4,0.73,0.697,1.0,1.4,0.735,2.2,3.2,5.3,1.3,0.8,1.3,0.6,2.4,6.1,,2026-01-14
293.0,Kris Murray,25.0,POR,SF,34.0,11.0,25.7,2.3,5.1,0.446,0.6,2.3,0.256,1.7,2.9,0.598,0.503,0.9,1.2,0.738,1.8,2.2,4.0,1.2,1.2,0.4,0.9,2.0,6.1,,2026-01-14
294.0,Taurean Prince,31.0,MIL,SF,8.0,0.0,21.1,2.1,4.8,0.447,1.5,3.5,0.429,0.6,1.3,0.5,0.605,0.4,0.4,1.0,0.0,1.6,1.6,1.0,0.8,0.3,0.6,2.5,6.1,,2026-01-14
295.0,Ja'Kobe Walter,21.0,TOR,SG,37.0,9.0,17.7,2.1,4.9,0.431,1.2,3.2,0.367,0.9,1.6,0.557,0.552,0.7,1.0,0.75,0.7,1.4,2.1,0.9,0.9,0.2,0.5,1.9,6.1,,2026-01-14
296.0,Sidy Cissoko,21.0,POR,SF,36.0,16.0,20.9,2.0,5.1,0.391,1.1,3.3,0.333,0.9,1.9,0.493,0.497,0.9,1.3,0.723,0.8,1.3,2.2,1.5,0.7,0.3,1.1,2.7,6.0,,2026-01-14
297.0,Gradey Dick,22.0,TOR,SG,41.0,0.0,15.5,2.0,5.1,0.397,0.8,2.8,0.301,1.2,2.3,0.51,0.478,1.1,1.3,0.852,0.4,1.4,1.9,0.7,0.7,0.1,0.5,1.4,6.0,,2026-01-14
298.0,Spencer Jones,24.0,DEN,SF,35.0,24.0,21.9,2.2,4.3,0.507,0.9,2.5,0.384,1.2,1.8,0.672,0.617,0.7,1.1,0.615,1.2,1.7,2.8,0.9,0.9,0.4,0.6,2.8,6.0,,2026-01-14
299.0,Drake Powell,20.0,BRK,SG,27.0,2.0,18.3,2.1,4.7,0.46,0.7,2.2,0.305,1.5,2.5,0.597,0.532,1.0,1.1,0.903,0.2,1.3,1.6,1.6,0.6,0.2,1.0,1.6,6.0,,2026-01-14
300.0,KJ Simpson,23.0,CHO,PG,14.0,2.0,15.9,2.2,6.4,0.348,0.9,2.8,0.308,1.4,3.6,0.38,0.416,0.7,1.1,0.625,0.4,1.7,2.1,2.5,1.1,0.0,1.7,1.0,6.0,,2026-01-14
301.0,Blake Wesley,22.0,POR,SG,6.0,0.0,16.3,2.3,5.7,0.412,0.3,1.7,0.2,2.0,4.0,0.5,0.441,1.0,1.7,0.6,0.3,2.0,2.3,3.2,1.7,0.2,1.2,2.3,6.0,,2026-01-14
302.0,Robert Williams,28.0,POR,C,28.0,1.0,15.8,2.7,3.7,0.721,0.1,0.4,0.273,2.6,3.3,0.774,0.736,0.5,0.7,0.7,2.0,4.0,6.0,1.0,0.6,1.3,0.6,1.3,6.0,,2026-01-14
303.0,Steven Adams,32.0,HOU,C,30.0,10.0,22.6,2.2,4.3,0.5,0.0,0.0,,2.2,4.3,0.5,0.5,1.5,2.6,0.582,4.5,4.0,8.5,1.5,0.7,0.6,1.1,1.8,5.9,,2026-01-14
304.0,Jalen Pickett,26.0,DEN,SG,25.0,7.0,16.4,2.3,4.8,0.475,1.2,2.6,0.439,1.1,2.2,0.519,0.596,0.2,0.2,1.0,0.4,2.0,2.4,2.3,0.2,0.1,0.7,0.8,5.9,,2026-01-14
305.0,Paul Reed,26.0,DET,C,30.0,6.0,12.2,2.5,4.3,0.589,0.2,0.7,0.35,2.3,3.6,0.633,0.616,0.6,1.0,0.567,1.9,2.4,4.3,1.3,0.9,0.6,1.0,1.6,5.9,,2026-01-14
306.0,Jase Richardson,20.0,ORL,SG,28.0,0.0,11.8,2.2,4.3,0.504,0.8,1.8,0.429,1.4,2.6,0.556,0.591,0.8,1.1,0.7,0.5,0.9,1.4,1.3,0.3,0.1,0.6,1.0,5.9,,2026-01-14
307.0,Pat Spencer,29.0,GSW,PG,26.0,3.0,14.7,2.2,5.5,0.403,0.6,1.7,0.364,1.6,3.8,0.42,0.458,0.8,0.9,0.875,0.7,1.4,2.1,3.1,0.7,0.0,1.0,1.2,5.9,,2026-01-14
308.0,Dean Wade,29.0,CLE,PF,34.0,13.0,22.6,2.0,5.0,0.396,1.2,3.7,0.325,0.8,1.3,0.605,0.518,0.6,0.9,0.733,0.8,3.2,4.0,1.6,0.7,0.4,0.3,1.7,5.8,,2026-01-14
309.0,Jaylin Williams,23.0,OKC,PF,27.0,3.0,18.3,1.8,5.1,0.358,1.2,4.1,0.297,0.6,1.0,0.615,0.478,1.0,1.4,0.703,0.6,4.4,4.9,2.5,0.7,0.6,1.0,1.9,5.8,,2026-01-14
310.0,Jevon Carter,30.0,CHI,PG,19.0,0.0,11.9,1.8,4.6,0.398,1.5,3.5,0.424,0.4,1.2,0.318,0.557,0.5,0.5,1.0,0.3,0.8,1.1,0.9,0.6,0.0,0.5,0.8,5.7,,2026-01-14
311.0,Josh Okogie,27.0,HOU,SG,37.0,22.0,19.2,2.0,4.5,0.442,0.9,2.4,0.391,1.1,2.1,0.5,0.545,0.8,1.1,0.707,1.1,1.6,2.8,0.9,0.9,0.2,0.8,1.6,5.6,,2026-01-14
312.0,Eric Gordon,37.0,PHI,SG,6.0,0.0,12.3,2.0,3.5,0.571,1.3,2.3,0.571,0.7,1.2,0.571,0.762,0.2,0.3,0.5,0.2,0.2,0.3,0.5,0.7,0.2,0.5,0.5,5.5,,2026-01-14
313.0,A.J. Lawson,25.0,TOR,SG,6.0,0.0,9.3,1.8,4.7,0.393,1.0,2.5,0.4,0.8,2.2,0.385,0.5,0.8,0.8,1.0,0.5,1.2,1.7,0.2,0.5,0.3,0.2,1.5,5.5,,2026-01-14
314.0,Kenrich Williams,31.0,OKC,PF,21.0,0.0,13.8,2.2,4.1,0.529,0.9,2.0,0.419,1.3,2.1,0.636,0.632,0.3,0.6,0.462,0.8,2.1,2.9,1.5,0.7,0.0,0.6,1.1,5.5,,2026-01-14
315.0,Nique Clifford,23.0,SAC,SG,36.0,3.0,18.8,2.1,5.1,0.404,0.7,2.3,0.309,1.4,2.8,0.48,0.473,0.6,0.9,0.688,0.6,2.1,2.7,1.3,0.6,0.3,1.1,2.0,5.4,,2026-01-14
316.0,Keon Ellis,26.0,SAC,SG,38.0,5.0,17.6,1.9,4.8,0.386,1.2,3.3,0.36,0.7,1.6,0.441,0.508,0.5,0.8,0.633,0.4,1.0,1.4,0.6,1.2,0.5,0.5,1.7,5.4,,2026-01-14
317.0,Taylor Hendricks,22.0,UTA,PF,27.0,6.0,15.3,1.9,4.0,0.472,0.8,2.1,0.368,1.1,1.9,0.588,0.569,0.9,1.1,0.767,1.0,2.2,3.2,0.7,0.4,0.3,0.5,1.3,5.4,,2026-01-14
318.0,Ben Saraf,19.0,BRK,SG,12.0,5.0,16.9,1.8,5.2,0.355,0.8,2.8,0.273,1.1,2.4,0.448,0.427,1.0,1.3,0.8,0.4,1.2,1.6,2.8,0.7,0.3,1.9,1.3,5.4,,2026-01-14
319.0,Gabe Vincent,29.0,LAL,PG,18.0,6.0,20.4,1.7,4.7,0.365,1.5,3.8,0.391,0.2,0.9,0.25,0.524,0.4,0.4,1.0,0.3,0.7,0.9,1.4,0.4,0.1,0.3,2.2,5.4,,2026-01-14
320.0,Oso Ighodaro,23.0,PHO,PF,40.0,7.0,19.5,2.3,3.8,0.62,0.0,0.0,0.0,2.3,3.7,0.624,0.62,0.6,1.3,0.48,1.4,3.0,4.4,1.8,0.9,0.6,1.2,2.6,5.3,,2026-01-14
321.0,Yves Missi,21.0,NOP,C,34.0,7.0,17.7,2.2,4.0,0.559,0.0,0.0,,2.2,4.0,0.559,0.559,0.9,1.4,0.592,2.7,2.6,5.3,1.1,0.4,1.2,0.8,1.6,5.3,,2026-01-14
322.0,Drew Eubanks,28.0,SAC,C,30.0,11.0,14.0,2.2,3.7,0.6,0.0,0.1,0.25,2.2,3.5,0.613,0.605,0.8,1.4,0.558,0.8,1.9,2.7,0.3,0.4,0.6,0.8,1.4,5.2,,2026-01-14
323.0,Garrison Mathews,29.0,IND,SG,15.0,1.0,13.1,1.4,3.5,0.404,1.1,3.1,0.37,0.3,0.4,0.667,0.567,1.3,1.5,0.826,0.1,1.0,1.1,0.7,0.4,0.2,0.2,1.3,5.2,,2026-01-14
324.0,Marcus Sasser,25.0,DET,PG,10.0,0.0,8.8,1.7,3.4,0.5,1.1,2.3,0.478,0.6,1.1,0.545,0.662,0.7,0.7,1.0,0.1,1.0,1.1,1.9,0.6,0.2,0.7,1.0,5.2,,2026-01-14
325.0,Tolu Smith,25.0,DET,PF,5.0,0.0,11.0,1.4,3.0,0.467,0.0,0.0,,1.4,3.0,0.467,0.467,2.4,3.0,0.8,2.0,3.6,5.6,0.8,0.4,1.0,0.8,1.4,5.2,,2026-01-14
326.0,Dalton Knecht,24.0,LAL,SF,33.0,1.0,13.4,2.0,4.5,0.436,0.8,2.7,0.311,1.1,1.8,0.627,0.53,0.3,0.5,0.688,0.3,1.3,1.7,0.4,0.2,0.3,0.5,1.1,5.1,,2026-01-14
327.0,Tyler Kolek,24.0,NYK,PG,34.0,1.0,13.4,2.1,4.7,0.44,0.7,2.0,0.333,1.4,2.6,0.522,0.513,0.3,0.4,0.667,0.3,1.6,1.9,2.8,0.4,0.1,1.0,1.4,5.1,,2026-01-14
328.0,Lonzo Ball,28.0,CLE,PG,27.0,3.0,22.4,1.7,5.5,0.304,1.2,4.5,0.264,0.5,1.0,0.481,0.412,0.5,0.7,0.7,0.9,3.1,4.1,4.4,1.3,0.3,1.6,1.4,5.0,,2026-01-14
329.0,Branden Carlson,26.0,OKC,C,30.0,2.0,10.9,2.0,3.8,0.53,0.6,1.8,0.352,1.4,2.0,0.689,0.613,0.3,0.6,0.529,0.6,1.9,2.5,0.6,0.2,0.5,0.4,0.9,5.0,,2026-01-14
330.0,Mike Conley,38.0,MIN,PG,35.0,7.0,18.4,1.5,4.0,0.364,1.1,3.0,0.358,0.4,1.0,0.382,0.5,1.0,1.1,0.9,0.3,1.4,1.7,3.0,0.6,0.2,0.6,1.5,5.0,,2026-01-14
331.0,Johnny Furphy,21.0,IND,SG,22.0,8.0,16.0,2.0,3.7,0.531,0.6,1.8,0.359,1.3,1.9,0.69,0.617,0.5,0.8,0.611,0.8,2.7,3.5,0.6,0.5,0.0,0.6,1.7,5.0,,2026-01-14
332.0,Karlo Matković,24.0,NOP,PF,29.0,2.0,12.3,2.2,3.4,0.636,0.4,1.0,0.393,1.8,2.4,0.732,0.692,0.2,0.5,0.5,0.8,2.4,3.2,0.8,0.3,0.8,0.6,1.4,5.0,,2026-01-14
333.0,Asa Newell,20.0,ATL,PF,31.0,0.0,10.6,1.9,3.5,0.556,0.8,1.7,0.444,1.2,1.7,0.667,0.667,0.3,0.6,0.526,0.8,1.1,2.0,0.6,0.4,0.3,0.5,1.6,5.0,,2026-01-14
334.0,Gary Payton II,33.0,GSW,SG,38.0,1.0,12.6,2.3,4.2,0.544,0.3,1.1,0.262,2.0,3.1,0.647,0.579,0.2,0.3,0.583,1.2,2.1,3.2,1.6,0.6,0.3,0.8,1.5,5.0,,2026-01-14
335.0,Matisse Thybulle,28.0,POR,SG,4.0,0.0,12.3,1.5,2.5,0.6,1.0,1.5,0.667,0.5,1.0,0.5,0.8,1.0,1.0,1.0,0.0,1.0,1.0,0.8,2.5,0.0,0.3,1.8,5.0,,2026-01-14
336.0,Jarred Vanderbilt,26.0,LAL,PF,29.0,3.0,20.0,1.9,4.0,0.462,0.6,1.8,0.314,1.3,2.3,0.576,0.53,0.8,1.1,0.71,1.7,3.6,5.2,1.3,0.8,0.3,1.2,2.0,5.0,,2026-01-14
337.0,Jalen Wilson,25.0,BRK,PF,26.0,0.0,13.6,1.6,4.1,0.383,1.0,2.7,0.352,0.6,1.4,0.444,0.5,0.9,1.1,0.793,0.2,0.9,1.1,0.5,0.3,0.1,0.5,1.2,5.0,,2026-01-14
338.0,Nicolas Batum,37.0,LAC,PF,38.0,3.0,20.6,1.6,3.8,0.414,1.5,3.6,0.413,0.1,0.2,0.429,0.61,0.2,0.3,0.818,0.4,2.1,2.5,0.8,0.8,0.4,0.6,1.8,4.9,,2026-01-14
339.0,Justin Edwards,22.0,PHI,SF,30.0,5.0,15.2,1.7,4.7,0.364,1.0,3.1,0.33,0.7,1.5,0.435,0.475,0.5,0.6,0.882,0.5,1.1,1.6,1.2,0.7,0.2,0.7,1.6,4.9,,2026-01-14
340.0,Craig Porter Jr.,25.0,CLE,PG,36.0,1.0,17.4,2.0,4.0,0.49,0.6,1.4,0.4,1.4,2.6,0.537,0.559,0.4,0.6,0.619,1.5,2.1,3.6,2.8,1.0,0.6,0.8,1.1,4.9,,2026-01-14
341.0,Will Riley,19.0,WAS,SF,30.0,0.0,12.8,1.8,4.2,0.429,0.3,1.4,0.244,1.5,2.8,0.518,0.468,1.0,1.2,0.829,0.8,1.2,2.0,1.2,0.4,0.1,0.8,0.7,4.9,,2026-01-14
342.0,Thomas Bryant,28.0,CLE,C,29.0,0.0,9.4,1.7,3.3,0.516,0.6,1.6,0.348,1.1,1.7,0.673,0.6,0.8,1.0,0.828,0.8,1.9,2.7,0.4,0.2,0.4,0.3,1.1,4.8,,2026-01-14
343.0,Josh Green,25.0,CHO,SG,16.0,0.0,16.0,1.8,4.0,0.438,1.2,3.1,0.38,0.6,0.9,0.643,0.586,0.1,0.3,0.5,0.9,0.9,1.8,1.0,0.6,0.0,0.4,1.0,4.8,,2026-01-14
344.0,Noah Penda,21.0,ORL,SF,25.0,2.0,14.0,1.8,4.0,0.44,0.7,1.5,0.447,1.1,2.5,0.435,0.525,0.6,1.1,0.556,1.7,2.4,4.1,1.2,0.5,0.4,0.7,1.2,4.8,,2026-01-14
345.0,Olivier-Maxence Prosper,23.0,MEM,PF,20.0,0.0,11.3,1.6,3.2,0.484,0.4,1.1,0.318,1.2,2.1,0.571,0.539,1.3,1.4,0.929,0.6,1.7,2.3,0.8,0.2,0.1,0.6,0.8,4.8,,2026-01-14
346.0,Mouhamed Gueye,23.0,ATL,PF,40.0,4.0,16.0,1.9,4.1,0.454,0.5,1.7,0.265,1.4,2.4,0.589,0.509,0.6,0.9,0.629,1.2,2.4,3.6,0.9,0.8,0.6,0.6,1.7,4.7,,2026-01-14
347.0,Tyrese Proctor,21.0,CLE,PG,27.0,1.0,10.8,1.6,4.6,0.35,0.9,2.9,0.299,0.7,1.7,0.435,0.443,0.7,0.9,0.826,0.2,1.1,1.3,1.3,0.3,0.0,0.4,1.0,4.7,,2026-01-14
348.0,Cody Williams,21.0,UTA,SG,26.0,3.0,15.1,2.0,4.5,0.436,0.3,1.8,0.191,1.6,2.7,0.6,0.474,0.4,0.7,0.647,0.6,1.0,1.5,0.7,0.3,0.2,0.3,1.5,4.7,,2026-01-14
349.0,PJ Hall,23.0,2TM,C,15.0,2.0,10.3,1.7,2.9,0.591,0.2,0.3,0.6,1.5,2.6,0.59,0.625,0.9,1.3,0.7,1.5,1.9,3.5,0.5,0.1,0.6,0.7,1.1,4.6,,2026-01-14
349.0,PJ Hall,23.0,MEM,C,7.0,0.0,3.9,0.7,1.3,0.556,0.1,0.4,0.333,0.6,0.9,0.667,0.611,0.3,0.4,0.667,0.4,0.9,1.3,0.3,0.0,0.3,0.1,0.4,1.9,,2026-01-14
349.0,PJ Hall,23.0,CHO,C,8.0,2.0,15.9,2.6,4.4,0.6,0.3,0.3,1.0,2.4,4.1,0.576,0.629,1.5,2.1,0.706,2.5,2.9,5.4,0.6,0.1,0.9,1.3,1.6,7.0,,2026-01-14
350.0,RayJ Dennis,24.0,2TM,PG,14.0,0.0,12.3,1.6,5.1,0.306,0.9,2.7,0.316,0.7,2.4,0.294,0.389,0.6,0.6,0.889,0.6,1.1,1.6,1.9,0.2,0.3,1.1,1.1,4.6,,2026-01-14
350.0,RayJ Dennis,24.0,IND,PG,13.0,0.0,12.9,1.7,5.5,0.306,0.9,2.9,0.316,0.8,2.6,0.294,0.389,0.6,0.7,0.889,0.6,1.0,1.6,2.0,0.2,0.3,1.1,1.2,4.9,,2026-01-14
350.0,RayJ Dennis,24.0,LAC,PG,1.0,0.0,4.0,0.0,0.0,,0.0,0.0,,0.0,0.0,,,0.0,0.0,,0.0,2.0,2.0,0.0,0.0,0.0,1.0,0.0,0.0,,2026-01-14
351.0,DaRon Holmes,23.0,DEN,PF,9.0,5.0,13.7,1.4,3.2,0.448,1.1,2.4,0.455,0.3,0.8,0.429,0.621,0.6,0.7,0.833,0.3,1.3,1.7,1.4,0.0,0.4,0.4,1.0,4.6,,2026-01-14
352.0,Jett Howard,22.0,ORL,SF,27.0,0.0,10.7,1.6,4.3,0.368,0.9,2.7,0.329,0.7,1.6,0.432,0.47,0.6,0.6,0.938,0.4,1.1,1.4,0.9,0.1,0.1,0.2,1.0,4.6,,2026-01-14
353.0,Micah Peavy,24.0,NOP,SG,36.0,1.0,15.6,1.9,5.0,0.385,0.4,1.8,0.234,1.5,3.2,0.47,0.427,0.3,0.4,0.733,0.8,1.3,2.1,1.1,0.6,0.1,0.3,1.8,4.6,,2026-01-14
354.0,Jeremiah Robinson-Earl,25.0,IND,PF,17.0,3.0,17.6,1.7,4.9,0.349,0.5,1.9,0.242,1.2,2.9,0.42,0.398,0.8,0.8,0.929,1.9,3.3,5.2,0.7,0.4,0.1,0.6,1.4,4.6,,2026-01-14
355.0,Trayce Jackson-Davis,25.0,GSW,C,29.0,1.0,12.3,1.8,3.1,0.584,0.0,0.0,,1.8,3.1,0.584,0.584,0.9,1.5,0.591,1.6,2.1,3.7,1.0,0.3,0.6,0.5,1.2,4.5,,2026-01-14
356.0,DeAndre Jordan,37.0,NOP,C,2.0,1.0,11.5,2.0,2.5,0.8,0.0,0.0,,2.0,2.5,0.8,0.8,0.5,1.0,0.5,2.0,3.0,5.0,0.0,0.0,0.0,0.5,0.5,4.5,,2026-01-14
357.0,Mitchell Robinson,27.0,NYK,C,27.0,13.0,19.4,2.0,3.0,0.654,0.0,0.0,,2.0,3.0,0.654,0.654,0.6,1.5,0.39,4.7,4.2,8.9,1.1,0.9,1.1,0.7,2.2,4.5,,2026-01-14
358.0,Terrence Shannon Jr.,25.0,MIN,SG,22.0,0.0,12.8,1.5,3.7,0.395,0.7,1.7,0.405,0.8,2.0,0.386,0.488,1.0,1.2,0.778,0.3,1.0,1.3,0.6,0.3,0.0,0.7,1.3,4.5,,2026-01-14
359.0,Jeremy Sochan,22.0,SAS,PF,25.0,0.0,13.6,1.8,3.8,0.484,0.4,1.3,0.273,1.5,2.5,0.597,0.532,0.4,0.6,0.688,1.0,1.8,2.9,1.1,0.4,0.2,0.7,1.9,4.5,,2026-01-14
360.0,Jaylen Clark,24.0,MIN,SG,38.0,0.0,14.2,1.5,3.6,0.43,0.4,1.5,0.298,1.1,2.1,0.526,0.493,0.9,1.3,0.647,0.9,1.1,2.0,0.6,0.8,0.2,0.4,1.5,4.4,,2026-01-14
361.0,Jordan Hawkins,23.0,NOP,SG,32.0,0.0,14.2,1.6,4.9,0.327,0.8,2.7,0.318,0.8,2.2,0.338,0.413,0.4,0.5,0.765,0.4,1.3,1.7,0.8,0.2,0.2,0.6,0.7,4.4,,2026-01-14
362.0,Ethan Thompson,26.0,IND,SG,17.0,5.0,16.2,1.5,4.0,0.382,0.9,2.8,0.313,0.6,1.2,0.55,0.493,0.4,0.5,0.778,0.6,1.1,1.7,1.4,0.5,0.3,0.6,2.1,4.4,,2026-01-14
363.0,Nolan Traoré,19.0,BRK,PG,17.0,0.0,16.3,1.6,5.1,0.322,0.6,2.5,0.256,1.0,2.6,0.386,0.385,0.4,0.5,0.778,0.1,1.0,1.1,2.6,0.5,0.3,1.2,1.4,4.4,,2026-01-14
364.0,Dylan Cardwell,24.0,SAC,C,13.0,1.0,17.6,1.7,3.5,0.478,0.0,0.1,0.0,1.7,3.5,0.489,0.478,0.9,1.8,0.5,2.8,3.3,6.1,0.8,0.7,1.5,0.8,3.5,4.3,,2026-01-14
365.0,Ousmane Dieng,22.0,OKC,C,18.0,0.0,12.2,1.6,3.4,0.452,0.8,1.8,0.455,0.7,1.6,0.448,0.573,0.3,0.3,1.0,0.3,1.3,1.7,0.9,0.1,0.3,0.3,1.1,4.3,,2026-01-14
366.0,Dereck Lively II,21.0,DAL,C,7.0,4.0,16.4,1.6,2.6,0.611,0.0,0.0,,1.6,2.6,0.611,0.611,1.1,1.4,0.8,2.0,3.3,5.3,1.9,0.6,1.6,1.4,3.0,4.3,,2026-01-14
367.0,Liam McNeeley,20.0,CHO,SF,27.0,0.0,12.4,1.3,3.2,0.395,0.8,2.1,0.379,0.4,1.0,0.429,0.523,0.9,1.1,0.806,0.4,1.8,2.2,0.9,0.2,0.1,0.4,1.3,4.3,,2026-01-14
368.0,Zeke Nnaji,25.0,DEN,PF,27.0,1.0,12.3,1.4,2.8,0.513,0.4,1.1,0.333,1.1,1.7,0.63,0.579,1.1,1.3,0.806,0.5,1.7,2.3,0.5,0.5,0.4,0.5,1.2,4.3,,2026-01-14
369.0,Javon Small,23.0,MEM,PG,14.0,0.0,12.6,1.4,4.0,0.339,0.7,2.2,0.323,0.6,1.8,0.36,0.429,0.9,1.1,0.8,0.4,1.1,1.4,3.3,0.3,0.1,1.3,1.3,4.3,,2026-01-14
370.0,Ochai Agbaji,25.0,TOR,SG,32.0,11.0,15.3,1.7,4.0,0.425,0.2,1.3,0.163,1.5,2.6,0.56,0.453,0.6,0.7,0.857,0.8,1.7,2.4,0.8,0.4,0.2,0.3,1.8,4.2,,2026-01-14
371.0,Keaton Wallace,26.0,ATL,PG,35.0,2.0,12.2,1.5,3.6,0.425,0.9,2.3,0.413,0.6,1.3,0.447,0.555,0.1,0.3,0.5,0.1,1.2,1.3,2.2,0.6,0.1,0.6,1.0,4.2,,2026-01-14
372.0,Jabari Walker,23.0,PHI,PF,36.0,6.0,12.8,1.4,3.3,0.437,0.4,1.4,0.265,1.1,1.9,0.557,0.492,0.9,1.2,0.727,1.3,2.0,3.3,0.5,0.2,0.3,0.5,1.8,4.1,,2026-01-14
373.0,Adem Bona,22.0,PHI,C,29.0,3.0,17.1,1.4,2.4,0.571,0.1,0.2,0.4,1.3,2.2,0.585,0.586,1.1,1.8,0.647,1.8,2.1,3.9,0.3,0.3,1.4,0.7,2.1,4.0,,2026-01-14
374.0,Brandon Clarke,29.0,MEM,PF,2.0,2.0,10.0,1.5,4.5,0.333,0.0,0.0,,1.5,4.5,0.333,0.333,1.0,2.0,0.5,2.0,1.0,3.0,0.5,1.0,0.0,0.0,2.5,4.0,,2026-01-14
375.0,Hugo González,19.0,BOS,SF,34.0,2.0,15.0,1.6,3.3,0.487,0.5,1.4,0.347,1.1,1.9,0.594,0.562,0.3,0.5,0.529,0.9,2.4,3.3,0.6,0.6,0.3,0.6,1.9,4.0,,2026-01-14
376.0,Tony Bradley,28.0,IND,C,32.0,3.0,10.5,1.5,2.7,0.558,0.0,0.0,0.0,1.5,2.7,0.565,0.558,0.9,1.2,0.737,1.5,1.1,2.5,0.5,0.1,0.2,0.4,1.8,3.9,,2026-01-14
377.0,Malaki Branham,22.0,WAS,SG,22.0,0.0,9.7,1.2,2.8,0.435,0.3,1.1,0.28,0.9,1.7,0.541,0.492,1.1,1.4,0.833,0.4,1.2,1.6,1.0,0.4,0.1,0.5,0.7,3.9,,2026-01-14
378.0,Gui Santos,23.0,GSW,PF,32.0,2.0,11.5,1.3,2.8,0.462,0.6,1.8,0.351,0.7,1.1,0.647,0.571,0.5,0.8,0.667,0.8,1.6,2.4,1.0,0.5,0.2,0.8,1.3,3.8,,2026-01-14
379.0,Kasparas Jakučionis,19.0,MIA,PG,14.0,1.0,12.8,1.1,3.4,0.313,0.9,1.9,0.444,0.2,1.5,0.143,0.438,0.7,0.7,1.0,0.6,1.1,1.7,1.1,0.6,0.0,0.6,1.3,3.7,,2026-01-14
380.0,Alijah Martin,24.0,TOR,SG,6.0,0.0,11.0,1.2,3.7,0.318,0.2,1.7,0.1,1.0,2.0,0.5,0.341,1.2,1.3,0.875,0.8,1.0,1.8,1.0,0.8,0.5,0.3,0.8,3.7,,2026-01-14
381.0,Clint Capela,31.0,HOU,C,33.0,1.0,11.3,1.6,3.0,0.535,0.0,0.0,,1.6,3.0,0.535,0.535,0.4,0.7,0.5,2.5,2.0,4.5,0.5,0.5,0.7,0.5,0.8,3.6,,2026-01-14
382.0,Rob Dillingham,21.0,MIN,PG,32.0,0.0,9.8,1.4,4.2,0.338,0.3,1.0,0.355,1.1,3.2,0.333,0.38,0.5,0.6,0.75,0.2,1.1,1.2,1.8,0.5,0.1,1.0,1.1,3.6,,2026-01-14
383.0,Larry Nance Jr.,33.0,CLE,PF,16.0,2.0,15.0,1.4,4.1,0.354,0.6,2.1,0.303,0.8,2.0,0.406,0.431,0.1,0.2,0.333,0.8,2.0,2.8,1.3,0.6,0.3,0.6,2.4,3.6,,2026-01-14
384.0,Kelly Olynyk,34.0,SAS,C,25.0,0.0,9.7,1.2,2.6,0.477,0.4,1.4,0.257,0.9,1.2,0.733,0.546,0.8,1.1,0.714,0.7,1.4,2.1,1.4,0.4,0.0,0.6,1.2,3.6,,2026-01-14
385.0,Charles Bassey,25.0,MEM,C,2.0,0.0,15.5,1.5,4.0,0.375,0.0,0.0,,1.5,4.0,0.375,0.375,0.5,1.5,0.333,3.5,4.0,7.5,1.0,0.5,0.5,0.5,2.5,3.5,,2026-01-14
386.0,Antonio Reeves,25.0,CHO,SG,6.0,0.0,8.8,1.3,2.7,0.5,0.8,1.7,0.5,0.5,1.0,0.5,0.656,0.0,0.0,,0.2,0.7,0.8,0.3,0.2,0.0,0.0,0.5,3.5,,2026-01-14
387.0,Jamison Battle,24.0,TOR,SF,29.0,1.0,8.2,1.3,2.3,0.567,0.6,1.3,0.447,0.7,1.0,0.724,0.694,0.2,0.3,0.625,0.3,1.1,1.4,0.3,0.2,0.0,0.3,0.7,3.4,,2026-01-14
388.0,Doug McDermott,34.0,SAC,SF,7.0,0.0,10.0,1.1,3.3,0.348,1.1,3.3,0.348,0.0,0.0,,0.522,0.0,0.0,,0.0,0.7,0.7,0.3,0.0,0.1,0.4,0.7,3.4,,2026-01-14
389.0,Julian Strawther,23.0,DEN,SG,20.0,0.0,9.4,1.1,3.3,0.338,0.3,1.4,0.179,0.9,1.9,0.459,0.377,1.0,1.3,0.731,0.1,1.2,1.3,0.7,0.1,0.1,0.5,1.0,3.4,,2026-01-14
390.0,Chaz Lanier,24.0,DET,SG,16.0,0.0,9.6,1.1,3.0,0.354,0.9,2.6,0.341,0.2,0.4,0.429,0.5,0.3,0.3,1.0,0.4,0.6,0.9,0.8,0.3,0.0,0.1,0.3,3.3,,2026-01-14
391.0,James Wiseman,24.0,IND,C,4.0,1.0,14.5,1.5,2.5,0.6,0.0,0.0,,1.5,2.5,0.6,0.6,0.3,0.5,0.5,1.3,0.8,2.0,0.8,0.0,0.3,1.3,2.5,3.3,,2026-01-14
392.0,Guerschon Yabusele,30.0,NYK,C,32.0,0.0,9.9,1.2,2.9,0.413,0.6,1.8,0.345,0.6,1.1,0.529,0.522,0.3,0.4,0.667,0.6,1.6,2.2,0.5,0.1,0.1,0.4,1.0,3.3,,2026-01-14
393.0,Devin Carter,23.0,SAC,PG,12.0,0.0,8.4,1.1,3.2,0.342,0.4,1.7,0.25,0.7,1.5,0.444,0.408,0.6,0.6,1.0,0.4,0.8,1.2,1.1,0.5,0.2,0.7,0.8,3.2,,2026-01-14
394.0,Pat Connaughton,33.0,CHO,SG,17.0,0.0,7.7,1.1,2.2,0.5,0.6,1.5,0.4,0.5,0.8,0.692,0.632,0.4,0.6,0.636,0.3,1.2,1.5,0.5,0.3,0.1,0.2,0.3,3.2,,2026-01-14
395.0,Tyus Jones,29.0,ORL,PG,40.0,8.0,16.5,1.2,3.4,0.353,0.7,2.2,0.295,0.6,1.2,0.458,0.449,0.2,0.2,1.0,0.2,0.9,1.1,2.4,0.8,0.1,0.3,0.6,3.2,,2026-01-14
396.0,Nick Richards,28.0,PHO,C,28.0,2.0,9.1,1.3,2.5,0.493,0.0,0.0,,1.3,2.5,0.493,0.493,0.7,1.0,0.679,1.3,2.0,3.3,0.3,0.1,0.5,0.9,1.4,3.2,,2026-01-14
397.0,Keshad Johnson,24.0,MIA,SF,17.0,0.0,8.1,1.1,2.9,0.38,0.3,1.2,0.25,0.8,1.8,0.467,0.43,0.5,0.8,0.692,0.8,1.2,2.0,0.1,0.3,0.2,0.4,0.7,3.1,,2026-01-14
398.0,Mark Sears,23.0,MIL,PG,7.0,0.0,3.7,0.9,1.9,0.462,0.6,1.1,0.5,0.3,0.7,0.4,0.615,0.9,1.1,0.75,0.1,0.1,0.3,0.3,0.0,0.0,0.6,0.6,3.1,,2026-01-14
399.0,Jericho Sims,27.0,MIL,C,29.0,4.0,14.5,1.4,1.7,0.837,0.0,0.0,,1.4,1.7,0.837,0.837,0.2,0.4,0.636,1.3,2.5,3.8,0.6,0.2,0.2,1.0,1.7,3.1,,2026-01-14
400.0,Kobe Brown,26.0,LAC,PF,26.0,0.0,9.4,1.0,2.6,0.368,0.4,1.6,0.238,0.6,1.0,0.577,0.441,0.7,0.8,0.85,0.5,1.1,1.7,0.8,0.3,0.1,0.4,0.5,3.0,,2026-01-14
401.0,Kobe Bufkin,22.0,LAL,SG,1.0,0.0,4.0,1.0,1.0,1.0,1.0,1.0,1.0,0.0,0.0,,1.5,0.0,0.0,,0.0,1.0,1.0,1.0,0.0,0.0,0.0,0.0,3.0,,2026-01-14
402.0,Cam Christie,20.0,LAC,SG,25.0,0.0,8.5,0.9,2.7,0.338,0.4,1.2,0.29,0.6,1.5,0.378,0.404,0.8,1.2,0.7,0.3,1.2,1.5,0.5,0.2,0.1,0.2,0.5,3.0,,2026-01-14
403.0,Moussa Cisse,23.0,DAL,C,22.0,1.0,10.5,1.2,2.0,0.605,0.0,0.0,,1.2,2.0,0.605,0.605,0.6,1.5,0.424,1.6,2.2,3.9,0.1,0.4,1.0,0.7,1.6,3.0,,2026-01-14
404.0,Jonathan Isaac,28.0,ORL,PF,34.0,0.0,10.4,1.0,2.3,0.449,0.2,0.9,0.2,0.9,1.4,0.604,0.487,0.8,1.3,0.605,0.9,1.9,2.8,0.3,0.4,0.5,0.3,0.8,3.0,,2026-01-14
405.0,Miles Kelly,23.0,DAL,PG,4.0,0.0,9.3,1.3,2.0,0.625,0.5,1.3,0.4,0.8,0.8,1.0,0.75,0.0,0.0,,0.3,1.5,1.8,0.5,0.0,0.0,0.8,1.3,3.0,,2026-01-14
406.0,Chris Livingston,22.0,CLE,SF,3.0,0.0,5.7,1.3,2.3,0.571,0.0,1.0,0.0,1.3,1.3,1.0,0.571,0.3,0.3,1.0,0.0,1.0,1.0,0.3,0.3,0.0,0.0,1.3,3.0,,2026-01-14
407.0,Emanuel Miller,25.0,CHI,PF,5.0,0.0,6.6,1.2,2.6,0.462,0.4,1.2,0.333,0.8,1.4,0.571,0.538,0.2,0.4,0.5,0.2,0.4,0.6,0.8,0.4,0.0,0.0,0.4,3.0,,2026-01-14
408.0,Riley Minix,25.0,SAS,SF,3.0,0.0,2.7,1.3,2.0,0.667,0.3,1.0,0.333,1.0,1.0,1.0,0.75,0.0,0.0,,0.3,0.3,0.7,0.3,0.3,0.0,0.0,0.3,3.0,,2026-01-14
409.0,Monte Morris,30.0,IND,PG,6.0,0.0,10.8,1.2,3.3,0.35,0.3,1.3,0.25,0.8,2.0,0.417,0.4,0.3,0.7,0.5,0.2,1.0,1.2,1.5,0.2,0.2,0.3,0.5,3.0,,2026-01-14
410.0,Julian Phillips,22.0,CHI,SF,28.0,2.0,10.2,1.1,2.6,0.432,0.5,1.5,0.326,0.6,1.1,0.581,0.527,0.2,0.2,0.833,0.7,0.7,1.4,0.3,0.5,0.2,0.2,1.1,3.0,,2026-01-14
411.0,Joan Beringer,19.0,MIN,PF,15.0,0.0,6.0,1.3,1.8,0.741,0.0,0.0,,1.3,1.8,0.741,0.741,0.2,0.3,0.75,0.7,1.0,1.7,0.1,0.2,0.3,0.3,0.9,2.9,,2026-01-14
412.0,Jamal Cain,26.0,ORL,SF,16.0,0.0,7.4,0.8,2.2,0.371,0.3,1.1,0.278,0.5,1.1,0.471,0.443,0.9,1.1,0.833,0.4,0.4,0.8,0.3,0.3,0.1,0.3,1.3,2.9,,2026-01-14
413.0,David Jones García,24.0,SAS,SF,11.0,0.0,6.2,1.2,2.3,0.52,0.3,0.5,0.6,0.9,1.8,0.5,0.58,0.3,0.5,0.5,0.4,0.8,1.2,1.6,0.5,0.1,0.5,0.5,2.9,,2026-01-14
414.0,Yanic Konan Niederhäuser,22.0,LAC,C,21.0,0.0,7.8,1.1,1.9,0.615,0.0,0.0,0.0,1.1,1.8,0.632,0.615,0.6,1.1,0.565,0.9,1.1,2.0,0.3,0.1,0.4,0.4,1.0,2.9,,2026-01-14
415.0,John Konchar,29.0,MEM,SG,23.0,0.0,12.7,1.1,2.3,0.5,0.4,1.3,0.31,0.7,1.0,0.739,0.587,0.3,0.4,0.667,0.5,2.1,2.6,1.2,0.9,0.3,0.3,0.9,2.9,,2026-01-14
416.0,Chris Paul,40.0,LAC,PG,16.0,0.0,14.3,1.1,3.5,0.321,0.6,1.9,0.333,0.5,1.6,0.308,0.411,0.1,0.1,0.5,0.4,1.4,1.8,3.3,0.7,0.0,1.0,1.4,2.9,,2026-01-14
417.0,Jamir Watkins,24.0,WAS,SG,14.0,2.0,11.6,1.0,2.0,0.5,0.4,1.2,0.294,0.6,0.8,0.818,0.589,0.6,0.6,1.0,0.4,2.1,2.4,0.4,0.3,0.2,0.4,1.9,2.9,,2026-01-14
418.0,Trey Alexander,22.0,NOP,SG,5.0,0.0,8.4,1.2,1.8,0.667,0.4,0.6,0.667,0.8,1.2,0.667,0.778,0.0,0.0,,0.0,0.8,0.8,1.0,0.2,0.2,0.2,0.8,2.8,,2026-01-14
419.0,Dorian Finney-Smith,32.0,HOU,PF,9.0,0.0,15.4,0.9,3.4,0.258,0.8,2.9,0.269,0.1,0.6,0.2,0.371,0.2,0.2,1.0,1.2,1.7,2.9,0.6,0.2,0.2,0.7,1.7,2.8,,2026-01-14
420.0,Bobi Klintman,22.0,DET,SF,6.0,0.0,8.8,1.2,3.5,0.333,0.5,1.8,0.273,0.7,1.7,0.4,0.405,0.0,0.5,0.0,0.8,1.8,2.7,0.7,0.3,0.0,0.8,1.5,2.8,,2026-01-14
421.0,Kevin McCullar Jr.,24.0,NYK,SF,10.0,0.0,8.6,1.0,2.3,0.435,0.6,1.4,0.429,0.4,0.9,0.444,0.565,0.2,0.5,0.4,0.8,1.2,2.0,1.5,0.4,0.0,0.8,1.4,2.8,,2026-01-14
422.0,Leonard Miller,22.0,MIN,SF,16.0,0.0,5.0,1.1,2.0,0.563,0.1,0.7,0.091,1.1,1.3,0.81,0.578,0.4,0.7,0.636,0.4,1.0,1.4,0.3,0.3,0.0,0.4,0.7,2.8,,2026-01-14
423.0,Duop Reath,29.0,POR,C,29.0,0.0,7.6,1.0,2.2,0.453,0.7,1.6,0.447,0.3,0.6,0.471,0.617,0.1,0.1,0.667,0.2,0.8,1.0,0.3,0.2,0.2,0.2,0.9,2.8,,2026-01-14
424.0,Baylor Scheierman,25.0,BOS,SG,34.0,1.0,11.9,1.0,2.0,0.493,0.7,1.6,0.418,0.3,0.4,0.786,0.659,0.1,0.1,0.8,0.3,1.3,1.6,0.6,0.5,0.1,0.4,1.5,2.8,,2026-01-14
425.0,Xavier Tillman Sr.,27.0,BOS,C,11.0,1.0,9.4,1.3,2.5,0.5,0.3,1.2,0.231,1.0,1.4,0.733,0.554,0.0,0.0,,0.9,1.3,2.2,0.5,0.5,0.2,0.4,0.8,2.8,,2026-01-14
426.0,Rasheer Fleming,21.0,PHO,PF,23.0,0.0,7.2,1.0,3.0,0.348,0.3,1.7,0.2,0.7,1.3,0.552,0.406,0.3,0.4,0.778,0.7,0.6,1.3,0.2,0.3,0.3,0.2,0.8,2.7,,2026-01-14
427.0,Gary Harris,31.0,MIL,SG,30.0,0.0,14.4,1.0,2.0,0.5,0.6,1.2,0.486,0.4,0.8,0.52,0.642,0.2,0.2,1.0,0.3,1.2,1.5,1.0,0.6,0.2,0.4,1.2,2.7,,2026-01-14
428.0,Dwight Powell,34.0,DAL,C,26.0,2.0,12.7,0.8,1.3,0.636,0.0,0.0,,0.8,1.3,0.636,0.636,1.0,1.6,0.643,1.1,2.0,3.1,1.0,0.4,0.3,0.5,2.0,2.7,,2026-01-14
429.0,Jae'Sean Tate,30.0,HOU,SF,22.0,0.0,7.7,1.1,2.3,0.5,0.3,0.8,0.353,0.9,1.5,0.576,0.56,0.1,0.1,1.0,0.7,0.8,1.5,0.6,0.2,0.1,0.2,1.2,2.7,,2026-01-14
430.0,Dalen Terry,23.0,CHI,SG,24.0,0.0,10.3,1.1,2.6,0.419,0.3,1.0,0.28,0.8,1.5,0.514,0.476,0.2,0.4,0.556,0.5,1.1,1.6,1.1,0.6,0.3,0.6,1.1,2.7,,2026-01-14
431.0,Kevon Looney,29.0,NOP,C,16.0,6.0,14.2,1.1,2.8,0.4,0.1,0.6,0.111,1.1,2.3,0.472,0.411,0.3,0.5,0.625,2.3,2.7,5.0,1.6,0.4,0.5,0.5,1.9,2.6,,2026-01-14
432.0,Jordan McLaughlin,29.0,SAS,PG,16.0,0.0,6.2,0.9,1.9,0.484,0.4,1.1,0.412,0.5,0.9,0.571,0.597,0.3,0.3,0.8,0.3,0.4,0.6,0.8,0.5,0.0,0.3,0.4,2.6,,2026-01-14
433.0,Yang Hansen,20.0,POR,C,23.0,1.0,8.6,0.8,2.8,0.292,0.2,1.3,0.161,0.6,1.5,0.412,0.331,0.7,0.7,0.938,0.5,1.3,1.8,0.8,0.0,0.3,0.8,1.3,2.5,,2026-01-14
434.0,Rayan Rupert,21.0,POR,SG,34.0,0.0,11.1,1.0,2.7,0.359,0.3,1.3,0.256,0.6,1.4,0.449,0.418,0.2,0.4,0.583,0.4,1.3,1.6,0.6,0.4,0.1,0.3,1.1,2.5,,2026-01-14
435.0,Hunter Tyson,25.0,DEN,PF,16.0,2.0,6.9,0.8,2.5,0.325,0.4,1.4,0.273,0.4,1.1,0.389,0.4,0.5,0.6,0.889,0.2,1.4,1.6,0.6,0.1,0.1,0.3,0.6,2.5,,2026-01-14
436.0,Elijah Harkless,25.0,UTA,SG,7.0,0.0,9.4,0.6,1.6,0.364,0.3,1.0,0.286,0.3,0.6,0.5,0.455,1.0,1.3,0.778,0.3,0.6,0.9,0.7,0.6,0.0,0.4,1.4,2.4,,2026-01-14
437.0,Chris Boucher,33.0,BOS,PF,8.0,0.0,11.4,0.9,2.8,0.318,0.1,1.5,0.083,0.8,1.3,0.6,0.341,0.4,0.5,0.75,0.3,2.0,2.3,0.4,0.6,0.9,0.1,2.0,2.3,,2026-01-14
438.0,Johnny Juzang,24.0,MIN,SG,16.0,0.0,3.9,0.9,1.9,0.452,0.3,1.2,0.263,0.6,0.8,0.75,0.532,0.2,0.3,0.75,0.3,0.5,0.8,0.4,0.1,0.0,0.2,0.2,2.3,,2026-01-14
439.0,Isaiah Livers,27.0,PHO,PF,20.0,0.0,10.6,0.8,2.0,0.375,0.5,1.5,0.345,0.3,0.6,0.455,0.5,0.3,0.3,0.833,0.6,1.4,2.0,0.7,0.4,0.3,0.5,1.2,2.3,,2026-01-14
440.0,Pete Nance,25.0,MIL,PF,10.0,0.0,4.1,0.9,1.7,0.529,0.5,1.1,0.455,0.4,0.6,0.667,0.676,0.0,0.0,,0.1,0.6,0.7,0.2,0.1,0.0,0.3,0.2,2.3,,2026-01-14
441.0,Luke Travers,24.0,CLE,SG,12.0,0.0,8.6,0.8,3.0,0.25,0.1,1.3,0.063,0.7,1.7,0.4,0.264,0.8,0.8,1.0,0.8,1.3,2.0,0.8,0.6,0.3,0.3,0.5,2.3,,2026-01-14
442.0,Christian Koloko,25.0,2TM,C,13.0,2.0,15.5,1.1,2.7,0.4,0.0,0.1,0.0,1.1,2.6,0.412,0.4,0.1,0.3,0.25,1.5,2.0,3.5,0.8,0.8,1.0,0.5,1.6,2.2,,2026-01-14
442.0,Christian Koloko,25.0,LAL,C,2.0,0.0,3.0,0.0,0.0,,0.0,0.0,,0.0,0.0,,,0.0,0.0,,0.0,0.5,0.5,0.0,0.0,0.0,0.0,0.5,0.0,,2026-01-14
442.0,Christian Koloko,25.0,MEM,C,11.0,2.0,17.7,1.3,3.2,0.4,0.0,0.1,0.0,1.3,3.1,0.412,0.4,0.1,0.4,0.25,1.7,2.3,4.0,0.9,0.9,1.2,0.6,1.8,2.6,,2026-01-14
443.0,Myron Gardner,24.0,MIA,SF,13.0,0.0,5.2,0.8,2.0,0.385,0.3,1.1,0.286,0.5,0.9,0.5,0.462,0.3,0.3,1.0,0.8,0.7,1.5,0.4,0.4,0.1,0.1,1.2,2.2,,2026-01-14
444.0,Caleb Houstan,23.0,ATL,SF,9.0,0.0,4.9,0.7,1.6,0.429,0.6,1.2,0.455,0.1,0.3,0.333,0.607,0.3,0.3,1.0,0.4,0.1,0.6,0.2,0.1,0.1,0.4,0.6,2.2,,2026-01-14
445.0,Carter Bryant,20.0,SAS,PF,30.0,0.0,7.4,0.8,2.4,0.319,0.3,1.3,0.256,0.4,1.1,0.394,0.389,0.2,0.3,0.75,0.3,1.2,1.5,0.2,0.1,0.1,0.3,0.7,2.1,,2026-01-14
446.0,Jeff Green,39.0,HOU,PF,14.0,0.0,4.5,0.8,1.6,0.478,0.5,1.1,0.438,0.3,0.5,0.571,0.63,0.0,0.0,,0.1,0.4,0.4,0.1,0.0,0.1,0.1,0.4,2.1,,2026-01-14
447.0,Kam Jones,23.0,IND,SG,9.0,0.0,5.8,1.0,1.9,0.529,0.1,0.7,0.167,0.9,1.2,0.727,0.559,0.0,0.0,,0.1,0.3,0.4,0.7,0.2,0.0,0.1,0.4,2.1,,2026-01-14
448.0,Lindy Waters III,28.0,SAS,SG,23.0,0.0,7.0,0.7,2.1,0.354,0.6,1.8,0.333,0.1,0.3,0.5,0.5,0.0,0.0,1.0,0.1,0.8,0.9,0.4,0.2,0.0,0.0,0.7,2.1,,2026-01-14
449.0,Koby Brea,23.0,PHO,SG,2.0,0.0,4.0,0.5,1.5,0.333,0.0,1.0,0.0,0.5,0.5,1.0,0.333,1.0,1.0,1.0,0.0,0.5,0.5,1.0,0.0,0.0,0.0,0.0,2.0,,2026-01-14
450.0,JD Davison,23.0,HOU,PG,17.0,0.0,6.8,0.7,1.5,0.462,0.3,0.7,0.417,0.4,0.8,0.5,0.558,0.3,0.5,0.556,0.1,0.6,0.8,1.1,0.2,0.2,0.3,0.5,2.0,,2026-01-14
451.0,Hunter Dickinson,25.0,NOP,C,1.0,0.0,5.0,1.0,2.0,0.5,0.0,0.0,,1.0,2.0,0.5,0.5,0.0,0.0,,0.0,0.0,0.0,0.0,0.0,1.0,2.0,2.0,2.0,,2026-01-14
452.0,Trentyn Flowers,20.0,CHI,SF,2.0,0.0,3.0,1.0,1.5,0.667,0.0,0.5,0.0,1.0,1.0,1.0,0.667,0.0,0.0,,0.5,0.0,0.5,0.5,0.0,0.0,0.5,0.5,2.0,,2026-01-14
453.0,Ron Harper Jr.,25.0,BOS,SF,4.0,0.0,5.0,0.8,2.5,0.3,0.5,2.0,0.25,0.3,0.5,0.5,0.4,0.0,0.0,,0.3,0.5,0.8,1.0,0.3,0.5,0.0,0.5,2.0,,2026-01-14
454.0,Colby Jones,23.0,DET,SG,1.0,0.0,7.0,1.0,3.0,0.333,0.0,2.0,0.0,1.0,1.0,1.0,0.333,0.0,0.0,,0.0,4.0,4.0,2.0,0.0,0.0,0.0,1.0,2.0,,2026-01-14
455.0,Wendell Moore Jr.,24.0,DET,SG,3.0,0.0,14.3,1.0,2.0,0.5,0.0,0.3,0.0,1.0,1.7,0.6,0.5,0.0,0.0,,0.3,1.0,1.3,1.0,0.7,0.3,0.3,0.3,2.0,,2026-01-14
456.0,Daeqwon Plowden,27.0,SAC,SG,1.0,0.0,14.0,1.0,5.0,0.2,0.0,3.0,0.0,1.0,2.0,0.5,0.2,0.0,0.0,,2.0,0.0,2.0,0.0,0.0,0.0,0.0,0.0,2.0,,2026-01-14
457.0,Oscar Tshiebwe,26.0,UTA,C,1.0,0.0,15.0,1.0,4.0,0.25,0.0,0.0,,1.0,4.0,0.25,0.25,0.0,1.0,0.0,2.0,4.0,6.0,1.0,1.0,0.0,0.0,2.0,2.0,,2026-01-14
458.0,Jahmir Young,25.0,MIA,PG,5.0,0.0,4.8,0.8,2.2,0.364,0.4,1.0,0.4,0.4,1.2,0.333,0.455,0.0,0.0,,0.0,0.4,0.4,0.8,0.2,0.0,0.4,0.6,2.0,,2026-01-14
459.0,Mason Plumlee,35.0,CHO,C,14.0,2.0,8.9,0.6,0.9,0.75,0.0,0.0,,0.6,0.9,0.75,0.75,0.6,0.9,0.667,0.7,2.1,2.9,1.1,0.4,0.0,0.6,0.7,1.9,,2026-01-14
460.0,Amir Coffey,28.0,MIL,SG,23.0,0.0,7.7,0.6,1.3,0.452,0.2,0.6,0.286,0.4,0.7,0.588,0.516,0.4,0.4,1.0,0.2,0.5,0.7,0.3,0.1,0.1,0.1,0.3,1.8,,2026-01-14
461.0,Mohamed Diawara,20.0,NYK,SF,31.0,4.0,5.1,0.7,1.8,0.4,0.4,1.0,0.4,0.3,0.8,0.4,0.509,0.0,0.1,0.25,0.2,0.7,0.9,0.5,0.3,0.1,0.3,0.5,1.8,,2026-01-14
462.0,E.J. Liddell,25.0,BRK,PF,8.0,0.0,4.4,0.6,1.5,0.417,0.3,1.0,0.25,0.4,0.5,0.75,0.5,0.3,0.4,0.667,0.4,0.8,1.1,0.0,0.0,0.0,0.0,0.5,1.8,,2026-01-14
463.0,Caleb Martin,30.0,DAL,SF,33.0,0.0,10.1,0.7,1.8,0.361,0.1,0.5,0.133,0.6,1.4,0.435,0.377,0.4,0.6,0.632,0.5,1.1,1.6,1.1,0.4,0.1,0.5,1.3,1.8,,2026-01-14
464.0,Cody Martin,30.0,IND,SF,4.0,0.0,13.8,0.5,2.5,0.2,0.0,1.3,0.0,0.5,1.3,0.4,0.2,0.8,1.5,0.5,0.3,3.3,3.5,0.5,1.0,0.5,1.0,1.3,1.8,,2026-01-14
465.0,Orlando Robinson,25.0,ORL,C,4.0,1.0,6.3,0.8,1.3,0.6,0.3,0.5,0.5,0.5,0.8,0.667,0.7,0.0,0.0,,0.5,0.5,1.0,0.8,0.3,0.0,0.0,0.8,1.8,,2026-01-14
466.0,Chris Youngblood,23.0,OKC,SG,26.0,0.0,5.3,0.5,1.7,0.318,0.5,1.5,0.308,0.1,0.2,0.4,0.455,0.3,0.3,1.0,0.2,0.6,0.8,0.3,0.1,0.0,0.0,0.7,1.8,,2026-01-14
467.0,Thanasis Antetokounmpo,33.0,MIL,SF,12.0,0.0,3.0,0.6,1.0,0.583,0.0,0.0,,0.6,1.0,0.583,0.583,0.5,0.8,0.667,0.3,0.3,0.5,0.0,0.4,0.3,0.2,0.6,1.7,,2026-01-14
468.0,Javonte Cooke,26.0,POR,SG,6.0,0.0,7.3,0.7,2.8,0.235,0.3,1.3,0.25,0.3,1.5,0.222,0.294,0.0,0.0,,0.2,0.8,1.0,1.2,0.3,0.0,0.8,0.2,1.7,,2026-01-14
469.0,Anthony Gill,33.0,WAS,PF,17.0,0.0,4.1,0.6,0.9,0.688,0.2,0.3,0.6,0.5,0.6,0.727,0.781,0.2,0.2,1.0,0.3,0.6,0.9,0.0,0.1,0.1,0.3,0.2,1.7,,2026-01-14
470.0,Harrison Ingram,23.0,SAS,SF,3.0,0.0,3.7,0.7,1.0,0.667,0.3,0.3,1.0,0.3,0.7,0.5,0.833,0.0,0.0,,1.0,0.0,1.0,0.0,0.0,0.0,0.0,0.7,1.7,,2026-01-14
471.0,Bronny James,21.0,LAL,SG,21.0,1.0,7.3,0.6,1.8,0.342,0.3,1.0,0.35,0.3,0.9,0.333,0.434,0.1,0.1,1.0,0.2,0.3,0.5,1.2,0.4,0.0,0.6,0.6,1.7,,2026-01-14
472.0,AJ Johnson,21.0,WAS,SG,21.0,0.0,7.0,0.7,2.6,0.259,0.2,0.7,0.267,0.5,1.9,0.256,0.296,0.1,0.2,0.75,0.3,0.8,1.1,0.7,0.2,0.0,0.5,0.4,1.7,,2026-01-14
473.0,Ariel Hukporti,23.0,NYK,C,25.0,4.0,9.5,0.6,1.2,0.5,0.0,0.0,0.0,0.6,1.2,0.517,0.5,0.4,0.6,0.688,1.2,1.6,2.8,0.7,0.2,0.6,0.6,1.4,1.6,,2026-01-14
474.0,Maxi Kleber,34.0,LAL,PF,19.0,0.0,11.1,0.5,1.7,0.281,0.2,0.8,0.2,0.3,0.9,0.353,0.328,0.5,0.6,0.75,0.5,1.2,1.7,0.7,0.3,0.3,0.4,1.5,1.6,,2026-01-14
475.0,Taelon Peter,23.0,IND,SG,21.0,0.0,5.8,0.5,1.6,0.294,0.4,1.5,0.281,0.0,0.1,0.5,0.426,0.2,0.3,0.667,0.3,0.6,0.9,0.7,0.1,0.1,0.4,0.3,1.6,,2026-01-14
476.0,Jacob Toppin,25.0,ATL,SF,5.0,0.0,3.4,0.8,1.2,0.667,0.0,0.0,,0.8,1.2,0.667,0.667,0.0,0.0,,0.0,0.2,0.2,0.2,0.0,0.2,0.0,0.2,1.6,,2026-01-14
477.0,Tyson Etienne,26.0,BRK,PG,8.0,0.0,4.3,0.5,1.9,0.267,0.5,1.6,0.308,0.0,0.3,0.0,0.4,0.0,0.0,,0.0,0.0,0.0,0.1,0.0,0.0,0.1,0.6,1.5,,2026-01-14
478.0,Andre Jackson Jr.,24.0,MIL,SG,16.0,0.0,6.6,0.5,1.6,0.308,0.2,0.9,0.2,0.3,0.7,0.455,0.365,0.3,0.4,0.833,0.3,0.5,0.8,1.1,0.3,0.1,0.4,0.9,1.5,,2026-01-14
479.0,Brooks Barnhizer,23.0,OKC,SG,21.0,0.0,7.6,0.6,1.3,0.444,0.0,0.3,0.167,0.5,1.0,0.524,0.463,0.2,0.3,0.667,0.3,1.5,1.8,0.4,0.1,0.1,0.1,0.6,1.4,,2026-01-14
480.0,Johni Broome,23.0,PHI,C,7.0,0.0,5.7,0.6,2.9,0.2,0.0,0.4,0.0,0.6,2.4,0.235,0.2,0.3,0.6,0.5,0.9,1.0,1.9,0.6,0.3,0.0,0.3,0.7,1.4,,2026-01-14
481.0,Nigel Hayes-Davis,31.0,PHO,SF,23.0,0.0,7.8,0.7,1.9,0.349,0.1,0.7,0.133,0.6,1.2,0.464,0.372,0.0,0.1,0.5,0.5,0.8,1.3,0.3,0.3,0.0,0.3,0.7,1.4,,2026-01-14
482.0,Jonathan Mogbo,24.0,TOR,PF,15.0,0.0,5.5,0.7,1.1,0.625,0.0,0.0,,0.7,1.1,0.625,0.625,0.1,0.1,1.0,0.4,0.9,1.3,0.6,0.1,0.2,0.1,0.3,1.4,,2026-01-14
483.0,Isaac Jones,25.0,2TM,PF,4.0,1.0,4.5,0.5,1.0,0.5,0.0,0.5,0.0,0.5,0.5,1.0,0.5,0.3,0.5,0.5,0.5,0.0,0.5,0.3,0.0,0.0,0.0,1.0,1.3,,2026-01-14
483.0,Isaac Jones,25.0,SAC,PF,3.0,1.0,5.7,0.3,0.7,0.5,0.0,0.3,0.0,0.3,0.3,1.0,0.5,0.3,0.7,0.5,0.7,0.0,0.7,0.3,0.0,0.0,0.0,1.3,1.0,,2026-01-14
483.0,Isaac Jones,25.0,DET,PF,1.0,0.0,1.0,1.0,2.0,0.5,0.0,1.0,0.0,1.0,1.0,1.0,0.5,0.0,0.0,,0.0,0.0,0.0,0.0,0.0,0.0,0.0,0.0,2.0,,2026-01-14
484.0,Khaman Maluach,19.0,PHO,C,18.0,0.0,4.7,0.4,1.1,0.4,0.0,0.3,0.0,0.4,0.8,0.533,0.4,0.4,0.4,0.875,0.3,0.7,1.0,0.2,0.1,0.4,0.5,0.8,1.3,,2026-01-14
485.0,Adou Thiero,21.0,LAL,SF,15.0,0.0,5.8,0.5,1.2,0.389,0.0,0.1,0.0,0.5,1.1,0.412,0.389,0.4,0.5,0.75,0.5,0.7,1.2,0.3,0.3,0.1,0.3,1.0,1.3,,2026-01-14
486.0,Trey Jemison,26.0,NYK,C,6.0,0.0,6.3,0.5,0.5,1.0,0.0,0.0,,0.5,0.5,1.0,1.0,0.2,0.2,1.0,0.8,0.8,1.7,0.2,0.0,0.3,0.5,1.0,1.2,,2026-01-14
487.0,Kyle Lowry,39.0,PHI,PG,6.0,0.0,7.5,0.3,1.3,0.25,0.3,1.3,0.25,0.0,0.0,,0.375,0.0,0.0,,0.0,0.5,0.5,1.2,0.2,0.0,0.3,0.5,1.0,,2026-01-14
488.0,Hunter Sallis,22.0,PHI,SG,7.0,0.0,3.7,0.4,0.7,0.6,0.0,0.0,,0.4,0.7,0.6,0.6,0.1,0.3,0.5,0.0,0.1,0.1,0.6,0.0,0.1,0.7,0.3,1.0,,2026-01-14
489.0,Dario Šarić,31.0,SAC,C,5.0,0.0,8.2,0.2,1.2,0.167,0.2,0.6,0.333,0.0,0.6,0.0,0.25,0.4,0.4,1.0,0.2,1.0,1.2,0.4,0.0,0.0,0.4,0.6,1.0,,2026-01-14
490.0,Jahmai Mashack,23.0,MEM,SG,7.0,0.0,3.6,0.3,1.1,0.25,0.3,0.9,0.333,0.0,0.3,0.0,0.375,0.0,0.0,,0.0,0.7,0.7,0.3,0.1,0.0,0.4,0.1,0.9,,2026-01-14
491.0,Bismack Biyombo,33.0,SAS,C,11.0,1.0,5.9,0.4,0.5,0.667,0.0,0.0,,0.4,0.5,0.667,0.667,0.1,0.2,0.5,0.2,0.5,0.6,0.3,0.3,0.1,0.3,0.9,0.8,,2026-01-14
492.0,N'Faly Dante,24.0,ATL,C,4.0,0.0,3.8,0.3,1.0,0.25,0.0,0.0,,0.3,1.0,0.25,0.25,0.3,0.3,1.0,0.8,1.0,1.8,0.0,0.5,0.0,0.3,0.3,0.8,,2026-01-14
493.0,Curtis Jones,24.0,DEN,SG,5.0,0.0,4.4,0.4,2.0,0.2,0.0,1.2,0.0,0.4,0.8,0.5,0.2,0.0,0.0,,0.2,0.6,0.8,0.2,0.0,0.0,0.2,0.4,0.8,,2026-01-14
494.0,Drew Peterson,26.0,CHO,PF,6.0,0.0,10.7,0.3,2.7,0.125,0.0,2.0,0.0,0.3,0.7,0.5,0.125,0.2,0.3,0.5,0.5,1.0,1.5,0.3,0.5,0.2,0.0,0.5,0.8,,2026-01-14
495.0,Drew Timme,25.0,LAL,PF,5.0,0.0,3.2,0.4,0.8,0.5,0.0,0.4,0.0,0.4,0.4,1.0,0.5,0.0,0.0,,0.2,0.6,0.8,0.6,0.2,0.0,0.2,0.0,0.8,,2026-01-14
496.0,Joe Ingles,38.0,MIN,SF,13.0,0.0,4.2,0.2,0.4,0.4,0.1,0.3,0.25,0.1,0.1,1.0,0.5,0.2,0.2,1.0,0.0,0.4,0.4,0.8,0.5,0.0,0.4,0.5,0.5,,2026-01-14
497.0,Lachlan Olbrich,22.0,CHI,C,8.0,0.0,8.3,0.3,1.1,0.222,0.0,0.5,0.0,0.3,0.6,0.4,0.222,0.0,0.3,0.0,0.8,1.6,2.4,0.9,0.0,0.0,0.5,1.9,0.5,,2026-01-14
498.0,Amari Williams,24.0,BOS,PF,6.0,0.0,5.2,0.2,0.3,0.5,0.0,0.0,,0.2,0.3,0.5,0.5,0.2,0.3,0.5,0.3,0.8,1.2,0.2,0.2,0.3,0.0,0.7,0.5,,2026-01-14
499.0,Pacome Dadiet,20.0,NYK,SG,14.0,0.0,3.1,0.1,0.6,0.125,0.0,0.4,0.0,0.1,0.2,0.333,0.125,0.3,0.3,1.0,0.1,0.7,0.8,0.4,0.1,0.0,0.0,0.2,0.4,,2026-01-14
500.0,Garrett Temple,39.0,TOR,SG,10.0,0.0,2.9,0.1,0.6,0.167,0.1,0.4,0.25,0.0,0.2,0.0,0.25,0.1,0.2,0.5,0.0,0.4,0.4,0.3,0.3,0.1,0.3,0.2,0.4,,2026-01-14
501.0,Jahmyl Telfort,24.0,LAC,PF,8.0,0.0,4.0,0.0,0.5,0.0,0.0,0.5,0.0,0.0,0.0,,0.0,0.1,0.5,0.25,0.0,0.4,0.4,0.1,0.1,0.0,0.1,0.6,0.1,,2026-01-14
502.0,Mo Bamba,27.0,TOR,C,2.0,0.0,3.0,0.0,1.0,0.0,0.0,0.0,,0.0,1.0,0.0,0.0,0.0,0.0,,0.5,0.5,1.0,0.0,0.0,0.5,0.0,1.0,0.0,,2026-01-14
503.0,Sharife Cooper,24.0,WAS,PG,4.0,0.0,2.5,0.0,0.3,0.0,0.0,0.3,0.0,0.0,0.0,,0.0,0.0,0.0,,0.0,0.0,0.0,0.0,0.0,0.0,0.3,0.3,0.0,,2026-01-14
504.0,Isaiah Crawford,24.0,HOU,SF,2.0,0.0,2.5,0.0,0.5,0.0,0.0,0.5,0.0,0.0,0.0,,0.0,0.0,0.0,,0.0,0.0,0.0,0.0,0.0,0.0,0.0,0.0,0.0,,2026-01-14
505.0,Noa Essengue,19.0,CHI,PF,2.0,0.0,3.0,0.0,1.5,0.0,0.0,1.0,0.0,0.0,0.5,0.0,0.0,0.0,0.0,,0.0,0.0,0.0,0.0,0.5,0.0,0.0,0.5,0.0,,2026-01-14
506.0,Tosan Evbuomwan,24.0,NYK,SF,5.0,0.0,1.6,0.0,0.2,0.0,0.0,0.0,,0.0,0.2,0.0,0.0,0.0,0.0,,0.2,0.2,0.4,0.0,0.0,0.0,0.0,0.2,0.0,,2026-01-14
507.0,Vladislav Goldin,24.0,MIA,C,1.0,0.0,1.0,0.0,0.0,,0.0,0.0,,0.0,0.0,,,0.0,0.0,,0.0,0.0,0.0,1.0,0.0,0.0,0.0,0.0,0.0,,2026-01-14
508.0,Chucky Hepburn,22.0,TOR,PG,2.0,0.0,6.5,0.0,3.0,0.0,0.0,2.5,0.0,0.0,0.5,0.0,0.0,0.0,0.0,,0.0,0.5,0.5,1.0,0.5,0.0,0.5,1.0,0.0,,2026-01-14
509.0,Chris Mañon,24.0,LAL,SG,4.0,0.0,3.5,0.0,0.3,0.0,0.0,0.3,0.0,0.0,0.0,,0.0,0.0,0.0,,0.3,0.5,0.8,0.0,0.3,0.5,0.0,0.8,0.0,,2026-01-14
,League Average,,,,,,,,,0.469,,,0.359,,,0.548,0.544,,,0.787,,,,,,,,,,,2026-01-14
